1,2235  - 2269  CENTURY BLVD ,Los Angeles,CA,90002
2,22860  - 22860  COLLINS ST ,Los Angeles,CA,91367
3,22940  - 22940  HATTERAS ST ,Los Angeles,CA,91367
4,7950  - 7950  STATEN DR ,Los Angeles,CA,91335
5,7949  - 7949  STATEN DR ,Los Angeles,CA,91335
6,7942  - 7942  STATEN DR ,Los Angeles,CA,91335
7,20463  - 20463  ELKWOOD ST ,Los Angeles,CA,91306
8,20468  - 20468  ELKWOOD ST ,Los Angeles,CA,91306
9,7406  - 7406  VASSAR AVE ,Los Angeles,CA,91303
10,6100  - 6100  ZOHAR DR ,Los Angeles,CA,91335
11,6118  - 6118  ZOHAR DR ,Los Angeles,CA,91335
12,6106  - 6106  ZOHAR DR ,Los Angeles,CA,91335
13,6112  - 6112  ZOHAR DR ,Los Angeles,CA,91335
14,21021  - 21021  ERWIN ST ,Los Angeles,CA,91367
15,21021  - 21021  ERWIN ST ,Los Angeles,CA,91367
16,18063  - 18063  VALLEY VISTA BLVD ,Los Angeles,CA,91316
17,7605  - 7605  LOUISE AVE ,Los Angeles,CA,91406
18,17141  - 17141  BURTON ST ,Los Angeles,CA,91406
19,17147  - 17147  BURTON ST ,Los Angeles,CA,91406
20,17150  - 17150  ROSCOE BLVD ,Los Angeles,CA,91406
21,14719 1/2 - 14719 1/2 SHERMAN WAY ,Los Angeles,CA,91405
22,7613  - 7613  PATRIOT WAY ,Los Angeles,CA,91405
23,6814  - 6814  LENNOX AVE ,Los Angeles,CA,91405
24,6822  - 6822  LENNOX AVE ,Los Angeles,CA,91405
25,6810  - 6810  LENNOX AVE ,Los Angeles,CA,91405
26,6818  - 6818  LENNOX AVE ,Los Angeles,CA,91405
27,14121  - 14121  OAK LANE ,Los Angeles,CA,91405
28,14115  - 14115  OAK LANE ,Los Angeles,CA,91405
29,7217  - 7217  CHESTNUT LANE ,Los Angeles,CA,91405
30,14123  - 14123  OAK LANE ,Los Angeles,CA,91405
31,7213  - 7213  CHESTNUT LANE ,Los Angeles,CA,91405
32,7216  - 7216  CHESTNUT LANE ,Los Angeles,CA,91405
33,7211  - 7211  CHESTNUT LANE ,Los Angeles,CA,91405
34,7212  - 7212  CHESTNUT LANE ,Los Angeles,CA,91405
35,14119  - 14119  OAK LANE ,Los Angeles,CA,91405
36,14117  - 14117  OAK LANE ,Los Angeles,CA,91405
37,7209  - 7209  CHESTNUT LANE ,Los Angeles,CA,91405
38,7201  - 7201  CHESTNUT LANE ,Los Angeles,CA,91405
39,7207  - 7207  CHESTNUT LANE ,Los Angeles,CA,91405
40,7208  - 7208  CHESTNUT LANE ,Los Angeles,CA,91405
41,7200  - 7200  CHESTNUT LANE ,Los Angeles,CA,91405
42,7203  - 7203  CHESTNUT LANE ,Los Angeles,CA,91405
43,7206  - 7206  CHESTNUT LANE ,Los Angeles,CA,91405
44,7215  - 7215  CHESTNUT LANE ,Los Angeles,CA,91405
45,7205  - 7205  CHESTNUT LANE ,Los Angeles,CA,91405
46,7214  - 7214  CHESTNUT LANE ,Los Angeles,CA,91405
47,7204  - 7204  CHESTNUT LANE ,Los Angeles,CA,91405
48,7202  - 7202  CHESTNUT LANE ,Los Angeles,CA,91405
49,14110  - 14110  CHAPPAREL LANE ,Los Angeles,CA,91405
50,14114  - 14114  OAK LANE ,Los Angeles,CA,91405
51,14120  - 14120  OAK LANE ,Los Angeles,CA,91405
52,14116  - 14116  OAK LANE ,Los Angeles,CA,91405
53,14122  - 14122  OAK LANE ,Los Angeles,CA,91405
54,14124  - 14124  PINE LANE ,Los Angeles,CA,91405
55,14124  - 14124  OAK LANE ,Los Angeles,CA,91405
56,14122  - 14122  PINE LANE ,Los Angeles,CA,91405
57,14114  - 14114  PINE LANE ,Los Angeles,CA,91405
58,14102  - 14102  CHAPPAREL LANE ,Los Angeles,CA,91405
59,14116  - 14116  PINE LANE ,Los Angeles,CA,91405
60,14126  - 14126  PINE LANE ,Los Angeles,CA,91405
61,14126  - 14126  OAK LANE ,Los Angeles,CA,91405
62,14106  - 14106  CHAPPAREL LANE ,Los Angeles,CA,91405
63,14120  - 14120  PINE LANE ,Los Angeles,CA,91405
64,14100  - 14100  CHAPPAREL LANE ,Los Angeles,CA,91405
65,14118  - 14118  OAK LANE ,Los Angeles,CA,91405
66,14118  - 14118  PINE LANE ,Los Angeles,CA,91405
67,14104  - 14104  CHAPPAREL LANE ,Los Angeles,CA,91405
68,14108  - 14108  CHAPPAREL LANE ,Los Angeles,CA,91405
69,6922  - 6922  BALBOA BLVD ,Los Angeles,CA,91406
70,6922  - 6922  BALBOA BLVD ,Los Angeles,CA,91406
71,6922  - 6922  BALBOA BLVD ,Los Angeles,CA,91406
72,6922  - 6922  BALBOA BLVD ,Los Angeles,CA,91406
73,6922  - 6922  BALBOA BLVD ,Los Angeles,CA,91406
74,6922  - 6922  BALBOA BLVD ,Los Angeles,CA,91406
75,6922  - 6922  BALBOA BLVD ,Los Angeles,CA,91406
76,6922  - 6922  BALBOA BLVD ,Los Angeles,CA,91406
77,6922  - 6922  BALBOA BLVD ,Los Angeles,CA,91406
78,6922  - 6922  BALBOA BLVD ,Los Angeles,CA,91406
79,14055  - 14055  ARCHWOOD ST ,Los Angeles,CA,91405
80,13923  - 13923  GILMORE ST ,Los Angeles,CA,91401
81,6222  - 6222  KESTER AVE ,Los Angeles,CA,91411
82,14402  - 14402  CALIFA ST ,Los Angeles,CA,91401
83,5672  - 5672  HAZELTINE AVE ,Los Angeles,CA,91401
84,5646  - 5646  HAZELTINE AVE ,Los Angeles,CA,91401
85,5676  - 5676  HAZELTINE AVE ,Los Angeles,CA,91401
86,5668  - 5668  HAZELTINE AVE ,Los Angeles,CA,91401
87,5664  - 5664  HAZELTINE AVE ,Los Angeles,CA,91401
88,5644  - 5644  HAZELTINE AVE ,Los Angeles,CA,91401
89,5662  - 5662  HAZELTINE AVE ,Los Angeles,CA,91401
90,5650  - 5650  HAZELTINE AVE ,Los Angeles,CA,91401
91,14058  - 14058  COLLINS ST ,Los Angeles,CA,91401
92,5674  - 5674  HAZELTINE AVE ,Los Angeles,CA,91401
93,5648  - 5648  HAZELTINE AVE ,Los Angeles,CA,91401
94,5666  - 5666  HAZELTINE AVE ,Los Angeles,CA,91401
95,5654  - 5654  HAZELTINE AVE ,Los Angeles,CA,91401
96,5638  - 5638  HAZELTINE AVE ,Los Angeles,CA,91401
97,5660  - 5660  HAZELTINE AVE ,Los Angeles,CA,91401
98,5682  - 5682  HAZELTINE AVE ,Los Angeles,CA,91401
99,5632  - 5632  HAZELTINE AVE ,Los Angeles,CA,91401
100,5652  - 5652  HAZELTINE AVE ,Los Angeles,CA,91401
101,5670  - 5670  HAZELTINE AVE ,Los Angeles,CA,91401
102,5634  - 5634  HAZELTINE AVE ,Los Angeles,CA,91401
103,5636  - 5636  HAZELTINE AVE ,Los Angeles,CA,91401
104,5658  - 5658  HAZELTINE AVE ,Los Angeles,CA,91401
105,5656  - 5656  HAZELTINE AVE ,Los Angeles,CA,91401
106,13950  - 13950  MCCORMICK ST ,Los Angeles,CA,91423
107,4859  - 4859  KATHERINE AVE ,Los Angeles,CA,91423
108,14625  - 14625  MAGNOLIA BLVD ,Los Angeles,CA,91403
109,4960  - 4960  SEPULVEDA BLVD ,Los Angeles,CA,91403
110,15012  - 15012  MOORPARK ST ,Los Angeles,CA,91403
111,4707  - 4707  CEDROS AVE ,Los Angeles,CA,91403
112,4528  - 4528  GAVIOTA CT ,Los Angeles,CA,91436
113,4716  - 4716  NOELINE AVE ,Los Angeles,CA,91436
114,4716  - 4716  NOELINE AVE ,Los Angeles,CA,91436
115,4701  - 4701  HAYVENHURST AVE ,Los Angeles,CA,91436
116,17328  - 17328  RANCHO ST ,Los Angeles,CA,91316
117,17328  - 17328  RANCHO ST ,Los Angeles,CA,91316
118,4600  - 4600  ENCINO AVE ,Los Angeles,CA,91316
119,13169  - 13169  VICTORY BLVD ,Los Angeles,CA,91401
120,13167  - 13167  VICTORY BLVD ,Los Angeles,CA,91401
121,13165  - 13165  VICTORY BLVD ,Los Angeles,CA,91401
122,13161  - 13161  VICTORY BLVD ,Los Angeles,CA,91401
123,13161  - 13161  LUMINA WAY ,Los Angeles,CA,91401
124,13165  - 13165  LUMINA WAY ,Los Angeles,CA,91401
125,13167  - 13167  LUMINA WAY ,Los Angeles,CA,91401
126,13171  - 13171  LUMINA WAY ,Los Angeles,CA,91401
127,13211  - 13211  VICTORY BLVD ,Los Angeles,CA,91401
128,13209  - 13209  VICTORY BLVD ,Los Angeles,CA,91401
129,13207  - 13207  VICTORY BLVD ,Los Angeles,CA,91401
130,13205  - 13205  VICTORY BLVD ,Los Angeles,CA,91401
131,13201  - 13201  VICTORY BLVD ,Los Angeles,CA,91401
132,13201  - 13201  LUMINA WAY ,Los Angeles,CA,91401
133,13205  - 13205  LUMINA WAY ,Los Angeles,CA,91401
134,13207  - 13207  LUMINA WAY ,Los Angeles,CA,91401
135,13209  - 13209  LUMINA WAY ,Los Angeles,CA,91401
136,13211  - 13211  LUMINA WAY ,Los Angeles,CA,91401
137,7022  - 7022  WOODMAN AVE ,Los Angeles,CA,91405
138,11510  - 11510 1/2 EMELITA ST ,Los Angeles,CA,91601
139,11508  - 11508 1/2 EMELITA ST ,Los Angeles,CA,91601
140,5816  - 5816  WHITSETT AVE ,Los Angeles,CA,91607
141,5500  - 5500  KLUMP AVE ,Los Angeles,CA,91601
142,11210  - 11210  PEACH GROVE ST ,Los Angeles,CA,91601
143,11269  - 11269  CAMARILLO ST ,Los Angeles,CA,91602
144,4814  - 4814  BEN AVE ,Los Angeles,CA,91607
145,4807  - 4807  GENTRY AVE ,Los Angeles,CA,91607
146,4810  - 4810  BEN AVE ,Los Angeles,CA,91607
147,4812  - 4812  BEN AVE ,Los Angeles,CA,91607
148,11939  - 11939  RIVERSIDE DR ,Los Angeles,CA,91607
149,4809  - 4809  GENTRY AVE ,Los Angeles,CA,91607
150,4806  - 4806  BEN AVE ,Los Angeles,CA,91607
151,11941  - 11941  RIVERSIDE DR ,Los Angeles,CA,91607
152,4803  - 4803  GENTRY AVE ,Los Angeles,CA,91607
153,4805  - 4805  GENTRY AVE ,Los Angeles,CA,91607
154,4811  - 4811  GENTRY AVE ,Los Angeles,CA,91607
155,11953  - 11953  RIVERSIDE DR ,Los Angeles,CA,91607
156,11947  - 11947  RIVERSIDE DR ,Los Angeles,CA,91607
157,4808  - 4808  BEN AVE ,Los Angeles,CA,91607
158,12936  - 12936  ADDISON ST ,Los Angeles,CA,91423
159,12621  - 12621  SARAH ST ,Los Angeles,CA,91604
160,12621  - 12621  SARAH ST ,Los Angeles,CA,91604
161,12627  - 12627  SARAH ST ,Los Angeles,CA,91604
162,12627  - 12627  SARAH ST ,Los Angeles,CA,91604
163,4240  - 4240  LAUREL CANYON BLVD ,Los Angeles,CA,91604
164,11912  - 11912  LAURELWOOD DR ,Los Angeles,CA,91604
165,4337  - 4337  TEESDALE AVE ,Los Angeles,CA,91604
166,4229  - 4229  BLOOMFIELD LANE ,Los Angeles,CA,91604
167,4225  - 4225  BLOOMFIELD LANE ,Los Angeles,CA,91604
168,4227  - 4227  BLOOMFIELD LANE ,Los Angeles,CA,91604
169,4235  - 4235  BLOOMFIELD LANE ,Los Angeles,CA,91604
170,4223  - 4223  BLOOMFIELD LANE ,Los Angeles,CA,91604
171,11951  - 11951  PINNACLE PL ,Los Angeles,CA,90210
172,8702  - 8702  LA TUNA CANYON ROAD ,Los Angeles,CA,91352
173,8939  - 8939  VILLAGE AVE ,Los Angeles,CA,91352
174,5812  - 5812  CLEON AVE ,Los Angeles,CA,91601
175,4840  - 4840  CLEON AVE ,Los Angeles,CA,91601
176,10710  - 10710  BLOOMFIELD ST ,Los Angeles,CA,91602
177,13930  - 13930  NURMI ST ,Los Angeles,CA,91342
178,13936  - 13936  NURMI ST ,Los Angeles,CA,91342
179,13942  - 13942  NURMI ST ,Los Angeles,CA,91342
180,13943  - 13943  NURMI ST ,Los Angeles,CA,91342
181,13937  - 13937  NURMI ST ,Los Angeles,CA,91342
182,13931  - 13931  NURMI ST ,Los Angeles,CA,91342
183,14002  - 14002  LAKESIDE ST ,Los Angeles,CA,91342
184,14008  - 14008  LAKESIDE ST ,Los Angeles,CA,91342
185,14014  - 14014  LAKESIDE ST ,Los Angeles,CA,91342
186,14015  - 14015  LAKESIDE ST ,Los Angeles,CA,91342
187,14009  - 14009  LAKESIDE ST ,Los Angeles,CA,91342
188,14003  - 14003  LAKESIDE ST ,Los Angeles,CA,91342
189,14658  - 14658  WILLOW PARK DR ,Los Angeles,CA,91342
190,14659  - 14659  WILLOW PARK DR ,Los Angeles,CA,91342
191,14662  - 14662  WILLOW PARK DR ,Los Angeles,CA,91342
192,14663  - 14663  WILLOW PARK DR ,Los Angeles,CA,91342
193,14655  - 14655  WILLOW PARK DR ,Los Angeles,CA,91342
194,14651  - 14651  WILLOW PARK DR ,Los Angeles,CA,91342
195,14666  - 14666  WILLOW PARK DR ,Los Angeles,CA,91342
196,14654  - 14654  WILLOW PARK DR ,Los Angeles,CA,91342
197,14667  - 14667  WILLOW PARK DR ,Los Angeles,CA,91342
198,12578  - 12578  BRADLEY AVE ,Los Angeles,CA,91342
199,12578  - 12578  BRADLEY AVE ,Los Angeles,CA,91342
200,13315  - 13315  FREDERICK WAY ,Los Angeles,CA,91342
201,13311  - 13311  FREDERICK WAY ,Los Angeles,CA,91342
202,13313  - 13313  FREDERICK WAY ,Los Angeles,CA,91342
203,13387  - 13387  ELSIE LN ,Los Angeles,CA,91342
204,13383  - 13383  ELSIE LN ,Los Angeles,CA,91342
205,13316  - 13316  FREDERICK WAY ,Los Angeles,CA,91342
206,13314  - 13314  FREDERICK WAY ,Los Angeles,CA,91342
207,13228  - 13228  GLADSTONE AVE ,Los Angeles,CA,91342
208,12512  - 12512  BROMONT AVE ,Los Angeles,CA,91340
209,12547  - 12547  HUNNEWELL AVE ,Los Angeles,CA,91342
210,12543  - 12543  HUNNEWELL AVE ,Los Angeles,CA,91342
211,12840  - 12840  HEMINGWAY DR ,Los Angeles,CA,91331
212,12845  - 12845  HEMINGWAY DR ,Los Angeles,CA,91331
213,12844  - 12844  HEMINGWAY DR ,Los Angeles,CA,91331
214,9304  - 9304  HILLROSE ST ,Los Angeles,CA,91040
215,8348  - 8348  STANDARD PL ,Los Angeles,CA,91040
216,14903  - 14903  NAVARRE WAY ,Los Angeles,CA,91342
217,14861  - 14861  NAVARRE WAY ,Los Angeles,CA,91342
218,14917  - 14917  NAVARRE WAY ,Los Angeles,CA,91342
219,14840  - 14840  CASTILLE WAY ,Los Angeles,CA,91342
220,14834  - 14834  CASTILLE WAY ,Los Angeles,CA,91342
221,12349  - 12349  ARAGON WAY ,Los Angeles,CA,91342
222,14836  - 14836  CASTILLE WAY ,Los Angeles,CA,91342
223,14857  - 14857  NAVARRE WAY ,Los Angeles,CA,91342
224,14865  - 14865  NAVARRE WAY ,Los Angeles,CA,91342
225,14859  - 14859  NAVARRE WAY ,Los Angeles,CA,91342
226,14837  - 14837  CASTILLE WAY ,Los Angeles,CA,91342
227,14841  - 14841  CASTILLE WAY ,Los Angeles,CA,91342
228,14838  - 14838  CASTILLE WAY ,Los Angeles,CA,91342
229,14905  - 14905  NAVARRE WAY ,Los Angeles,CA,91342
230,12344  - 12344  VILLAR WAY ,Los Angeles,CA,91342
231,14848  - 14848  CASTILLE WAY ,Los Angeles,CA,91342
232,14851  - 14851  CASTILLE WAY ,Los Angeles,CA,91342
233,14908  - 14908  CASTILLE WAY ,Los Angeles,CA,91342
234,14849  - 14849  CASTILLE WAY ,Los Angeles,CA,91342
235,14905  - 14905  CASTILLE WAY ,Los Angeles,CA,91342
236,14901  - 14901  CASTILLE WAY ,Los Angeles,CA,91342
237,14850  - 14850  CASTILLE WAY ,Los Angeles,CA,91342
238,14851  - 14851  NAVARRE WAY ,Los Angeles,CA,91342
239,14901  - 14901  NAVARRE WAY ,Los Angeles,CA,91342
240,14911  - 14911  NAVARRE WAY ,Los Angeles,CA,91342
241,14925  - 14925  NAVARRE WAY ,Los Angeles,CA,91342
242,14906  - 14906  CASTILLE WAY ,Los Angeles,CA,91342
243,14846  - 14846  CASTILLE WAY ,Los Angeles,CA,91342
244,14900  - 14900  CASTILLE WAY ,Los Angeles,CA,91342
245,14921  - 14921  NAVARRE WAY ,Los Angeles,CA,91342
246,14830  - 14830  CASTILLE WAY ,Los Angeles,CA,91342
247,14923  - 14923  NAVARRE WAY ,Los Angeles,CA,91342
248,14832  - 14832  CASTILLE WAY ,Los Angeles,CA,91342
249,14907  - 14907  CASTILLE WAY ,Los Angeles,CA,91342
250,14915  - 14915  NAVARRE WAY ,Los Angeles,CA,91342
251,14855  - 14855  NAVARRE WAY ,Los Angeles,CA,91342
252,14927  - 14927  NAVARRE WAY ,Los Angeles,CA,91342
253,12348  - 12348  VILLAR WAY ,Los Angeles,CA,91342
254,14847  - 14847  CASTILLE WAY ,Los Angeles,CA,91342
255,14844  - 14844  CASTILLE WAY ,Los Angeles,CA,91342
256,14842  - 14842  CASTILLE WAY ,Los Angeles,CA,91342
257,14904  - 14904  CASTILLE WAY ,Los Angeles,CA,91342
258,14856  - 14856  CASTILLE WAY ,Los Angeles,CA,91342
259,14839  - 14839  CASTILLE WAY ,Los Angeles,CA,91342
260,14907  - 14907  NAVARRE WAY ,Los Angeles,CA,91342
261,14853  - 14853  NAVARRE WAY ,Los Angeles,CA,91342
262,14852  - 14852  CASTILLE WAY ,Los Angeles,CA,91342
263,12350  - 12350  VILLAR WAY ,Los Angeles,CA,91342
264,14902  - 14902  CASTILLE WAY ,Los Angeles,CA,91342
265,14854  - 14854  CASTILLE WAY ,Los Angeles,CA,91342
266,12346  - 12346  VILLAR WAY ,Los Angeles,CA,91342
267,12347  - 12347  ARAGON WAY ,Los Angeles,CA,91342
268,14845  - 14845  CASTILLE WAY ,Los Angeles,CA,91342
269,12345  - 12345  ARAGON WAY ,Los Angeles,CA,91342
270,14903  - 14903  CASTILLE WAY ,Los Angeles,CA,91342
271,14909  - 14909  NAVARRE WAY ,Los Angeles,CA,91342
272,14913  - 14913  NAVARRE WAY ,Los Angeles,CA,91342
273,14855  - 14855  CASTILLE WAY ,Los Angeles,CA,91342
274,14863  - 14863  NAVARRE WAY ,Los Angeles,CA,91342
275,14843  - 14843  CASTILLE WAY ,Los Angeles,CA,91342
276,14853  - 14853  CASTILLE WAY ,Los Angeles,CA,91342
277,14919  - 14919  NAVARRE WAY ,Los Angeles,CA,91342
278,14910  - 14910  CASTILLE WAY ,Los Angeles,CA,91342
279,9721  - 9721  PINE ORCHARD ST ,Los Angeles,CA,91331
280,9717  - 9717  PINE ORCHARD ST ,Los Angeles,CA,91331
281,9646  - 9646  PINE ORCHARD ST ,Los Angeles,CA,91331
282,9727  - 9727  PINE ORCHARD ST ,Los Angeles,CA,91331
283,9716  - 9716  PINE ORCHARD ST ,Los Angeles,CA,91331
284,9723  - 9723  PINE ORCHARD ST ,Los Angeles,CA,91331
285,9670  - 9670  PINE ORCHARD ST ,Los Angeles,CA,91331
286,9718  - 9718  PINE ORCHARD ST ,Los Angeles,CA,91331
287,9722  - 9722  PINE ORCHARD ST ,Los Angeles,CA,91331
288,9720  - 9720  PINE ORCHARD ST ,Los Angeles,CA,91331
289,9725  - 9725  PINE ORCHARD ST ,Los Angeles,CA,91331
290,9648  - 9648  PINE ORCHARD ST ,Los Angeles,CA,91331
291,9719  - 9719  PINE ORCHARD ST ,Los Angeles,CA,91331
292,9724  - 9724  PINE ORCHARD ST ,Los Angeles,CA,91331
293,15006  - 15006  ANAYA DR ,Los Angeles,CA,91343
294,9240  - 9240  LAMIA CT ,Los Angeles,CA,91343
295,9243  - 9243  LAMIA CT ,Los Angeles,CA,91343
296,15008  - 15008  ANAYA DR ,Los Angeles,CA,91343
297,15002  - 15002  ANAYA DR ,Los Angeles,CA,91343
298,15004  - 15004  ANAYA DR ,Los Angeles,CA,91343
299,9241  - 9241  LAMIA CT ,Los Angeles,CA,91343
300,9237  - 9237  KENNY CT ,Los Angeles,CA,91343
301,9237  - 9237  LAMIA CT ,Los Angeles,CA,91343
302,9242  - 9242  KENNY CT ,Los Angeles,CA,91343
303,15012  - 15012  ANAYA DR ,Los Angeles,CA,91343
304,9241  - 9241  KENNY CT ,Los Angeles,CA,91343
305,9236  - 9236  KENNY CT ,Los Angeles,CA,91343
306,9240  - 9240  KENNY CT ,Los Angeles,CA,91343
307,15000  - 15000  ANAYA DR ,Los Angeles,CA,91343
308,15010  - 15010  ANAYA DR ,Los Angeles,CA,91343
309,9242  - 9242  LAMIA CT ,Los Angeles,CA,91343
310,9236  - 9236  LAMIA CT ,Los Angeles,CA,91343
311,9239  - 9239  LAMIA CT ,Los Angeles,CA,91343
312,9239  - 9239  KENNY CT ,Los Angeles,CA,91343
313,15014  - 15014  ANAYA DR ,Los Angeles,CA,91343
314,9238  - 9238  KENNY CT ,Los Angeles,CA,91343
315,9243  - 9243  KENNY CT ,Los Angeles,CA,91343
316,9238  - 9238  LAMIA CT ,Los Angeles,CA,91343
317,14854  - 14854  MAPLE TERR ,Los Angeles,CA,91402
318,14850  - 14850  MAPLE TERR ,Los Angeles,CA,91402
319,14853  - 14853  MAPLE TERR ,Los Angeles,CA,91402
320,14858  - 14858  MAPLE TERR ,Los Angeles,CA,91402
321,14849  - 14849  MAPLE TERR ,Los Angeles,CA,91402
322,14851  - 14851  MAPLE TERR ,Los Angeles,CA,91402
323,14863  - 14863  MAPLE TERR ,Los Angeles,CA,91402
324,14861  - 14861  MAPLE TERR ,Los Angeles,CA,91402
325,14855  - 14855  MAPLE TERR ,Los Angeles,CA,91402
326,14847  - 14847  MAPLE TERR ,Los Angeles,CA,91402
327,14859  - 14859  MAPLE TERR ,Los Angeles,CA,91402
328,14848  - 14848  MAPLE TERR ,Los Angeles,CA,91402
329,14862  - 14862  MAPLE TERR ,Los Angeles,CA,91402
330,14865  - 14865  MAPLE TERR ,Los Angeles,CA,91402
331,14856  - 14856  MAPLE TERR ,Los Angeles,CA,91402
332,14860  - 14860  MAPLE TERR ,Los Angeles,CA,91402
333,14864  - 14864  MAPLE TERR ,Los Angeles,CA,91402
334,14866  - 14866  MAPLE TERR ,Los Angeles,CA,91402
335,14867  - 14867  MAPLE TERR ,Los Angeles,CA,91402
336,14868  - 14868  MAPLE TERR ,Los Angeles,CA,91402
337,14846  - 14846  MAPLE TERR ,Los Angeles,CA,91402
338,14861  - 14861  LILAC RD ,Los Angeles,CA,91402
339,14851  - 14851  LILAC RD ,Los Angeles,CA,91402
340,14847  - 14847  LILAC RD ,Los Angeles,CA,91402
341,14855  - 14855  LILAC RD ,Los Angeles,CA,91402
342,14859  - 14859  LILAC RD ,Los Angeles,CA,91402
343,14853  - 14853  LILAC RD ,Los Angeles,CA,91402
344,14862  - 14862  LILAC RD ,Los Angeles,CA,91402
345,14863  - 14863  LILAC RD ,Los Angeles,CA,91402
346,14856  - 14856  LILAC RD ,Los Angeles,CA,91402
347,14849  - 14849  LILAC RD ,Los Angeles,CA,91402
348,14857  - 14857  LILAC RD ,Los Angeles,CA,91402
349,14858  - 14858  LILAC RD ,Los Angeles,CA,91402
350,14860  - 14860  LILAC RD ,Los Angeles,CA,91402
351,16093  - 16093  COUSTEAU LN ,Los Angeles,CA,91343
352,16087  - 16087  COUSTEAU LN ,Los Angeles,CA,91343
353,16081  - 16081  COUSTEAU LN ,Los Angeles,CA,91343
354,16075  - 16075  COUSTEAU LN ,Los Angeles,CA,91343
355,16069  - 16069  COUSTEAU LN ,Los Angeles,CA,91343
356,16064  - 16064  COUSTEAU LN ,Los Angeles,CA,91343
357,16068  - 16068  COUSTEAU LN ,Los Angeles,CA,91343
358,16072  - 16072  COUSTEAU LN ,Los Angeles,CA,91343
359,16078  - 16078  COUSTEAU LN ,Los Angeles,CA,91343
360,16084  - 16084  COUSTEAU LN ,Los Angeles,CA,91343
361,16090  - 16090  COUSTEAU LN ,Los Angeles,CA,91343
362,16079  - 16079  COOK LN ,Los Angeles,CA,91343
363,16075  - 16075  COOK LN ,Los Angeles,CA,91343
364,16071  - 16071  COOK LN ,Los Angeles,CA,91343
365,16067  - 16067  COOK LN ,Los Angeles,CA,91343
366,16063  - 16063  COOK LN ,Los Angeles,CA,91343
367,16134  - 16134  COLUMBUS LN ,Los Angeles,CA,91343
368,16152  - 16152  COLUMBUS LN ,Los Angeles,CA,91343
369,16158  - 16158  COLUMBUS LN ,Los Angeles,CA,91343
370,16166  - 16166  COLUMBUS LN ,Los Angeles,CA,91343
371,16155  - 16155  COLUMBUS LN ,Los Angeles,CA,91343
372,16149  - 16149  COLUMBUS LN ,Los Angeles,CA,91343
373,16139  - 16139  COLUMBUS LN ,Los Angeles,CA,91343
374,16133  - 16133  COLUMBUS LN ,Los Angeles,CA,91343
375,16062  - 16062  COOK LN ,Los Angeles,CA,91343
376,16066  - 16066  COOK LN ,Los Angeles,CA,91343
377,16070  - 16070  COOK LN ,Los Angeles,CA,91343
378,16074  - 16074  COOK LN ,Los Angeles,CA,91343
379,16080  - 16080  COOK LN ,Los Angeles,CA,91343
380,16108  - 16108  COOK LN ,Los Angeles,CA,91343
381,16116  - 16116  COOK LN ,Los Angeles,CA,91343
382,16122  - 16122  COOK LN ,Los Angeles,CA,91343
383,16132  - 16132  COOK LN ,Los Angeles,CA,91343
384,16138  - 16138  COOK LN ,Los Angeles,CA,91343
385,16148  - 16148  COOK LN ,Los Angeles,CA,91343
386,20658  - 20658  CHESTNUT CIR ,Los Angeles,CA,91326
387,20650  - 20650  WALNUT CIR ,Los Angeles,CA,91326
388,20708  - 20708  WALNUT CIR ,Los Angeles,CA,91326
389,20638  - 20638  WALNUT CIR ,Los Angeles,CA,91326
390,20626  - 20626  WALNUT CIR ,Los Angeles,CA,91326
391,20666  - 20666  WALNUT CIR ,Los Angeles,CA,91326
392,20650  - 20650  CHESTNUT CIR ,Los Angeles,CA,91326
393,20651  - 20651  CHESTNUT CIR ,Los Angeles,CA,91326
394,20704  - 20704  WALNUT CIR ,Los Angeles,CA,91326
395,20643  - 20643  CHESTNUT CIR ,Los Angeles,CA,91326
396,20725  - 20725  SESNON BLVD ,Los Angeles,CA,91326
397,20654  - 20654  WALNUT CIR ,Los Angeles,CA,91326
398,20642  - 20642  WALNUT CIR ,Los Angeles,CA,91326
399,20647  - 20647  CHESTNUT CIR ,Los Angeles,CA,91326
400,20648  - 20648  CHESTNUT CIR ,Los Angeles,CA,91326
401,20653  - 20653  CHESTNUT CIR ,Los Angeles,CA,91326
402,20649  - 20649  CHESTNUT CIR ,Los Angeles,CA,91326
403,20645  - 20645  CHESTNUT CIR ,Los Angeles,CA,91326
404,20700  - 20700  WALNUT CIR ,Los Angeles,CA,91326
405,20652  - 20652  CHESTNUT CIR ,Los Angeles,CA,91326
406,20644  - 20644  CHESTNUT CIR ,Los Angeles,CA,91326
407,20646  - 20646  WALNUT CIR ,Los Angeles,CA,91326
408,20657  - 20657  CHESTNUT CIR ,Los Angeles,CA,91326
409,20725  - 20725  SESNON BLVD ,Los Angeles,CA,91326
410,20656  - 20656  CHESTNUT CIR ,Los Angeles,CA,91326
411,20654  - 20654  CHESTNUT CIR ,Los Angeles,CA,91326
412,20662  - 20662  WALNUT CIR ,Los Angeles,CA,91326
413,20655  - 20655  CHESTNUT CIR ,Los Angeles,CA,91326
414,20634  - 20634  WALNUT CIR ,Los Angeles,CA,91326
415,20646  - 20646  CHESTNUT CIR ,Los Angeles,CA,91326
416,20725  - 20725  SESNON BLVD ,Los Angeles,CA,91326
417,20630  - 20630  WALNUT CIR ,Los Angeles,CA,91326
418,20622  - 20622  WALNUT CIR ,Los Angeles,CA,91326
419,20658  - 20658  WALNUT CIR ,Los Angeles,CA,91326
420,20430  - 20430  AURORA ST ,Los Angeles,CA,90012
421,20438  - 20438  AURORA ST ,Los Angeles,CA,90012
422,20445  - 20445  ESMERELDA LANE ,Los Angeles,CA,91326
423,20441  - 20441  ESMERALDA ST ,Los Angeles,CA,90032
424,20431  - 20431  AURORA ST ,Los Angeles,CA,90012
425,20437  - 20437  AURORA ST ,Los Angeles,CA,90012
426,20440  - 20440  ESMERELDA LANE ,Los Angeles,CA,91326
427,20427  - 20427  AURORA ST ,Los Angeles,CA,90012
428,20444  - 20444  ESMERELDA LANE ,Los Angeles,CA,91326
429,12035  - 12035  RICASOLI WAY ,Los Angeles,CA,91326
430,12035  - 12035  RICASOLI WAY ,Los Angeles,CA,91326
431,12039  - 12039  RICASOLI WAY ,Los Angeles,CA,91326
432,12031  - 12031  RICASOLI WAY ,Los Angeles,CA,91326
433,12031  - 12031  RICASOLI WAY ,Los Angeles,CA,91326
434,11700  - 11700  CORBIN AVE ,Los Angeles,CA,91326
435,11700  - 11700  CORBIN AVE ,Los Angeles,CA,91326
436,11700  - 11700  CORBIN AVE ,Los Angeles,CA,91326
437,11700  - 11700  CORBIN AVE ,Los Angeles,CA,91326
438,11700  - 11700  CORBIN AVE ,Los Angeles,CA,91326
439,11700  - 11700  CORBIN AVE ,Los Angeles,CA,91326
440,20245  - 20245  JUBILEE WAY ,Los Angeles,CA,91326
441,20278  - 20278  JUBILEE WAY ,Los Angeles,CA,91326
442,20239  - 20239  JUBILEE WAY ,Los Angeles,CA,91326
443,20257  - 20257  JUBILEE WAY ,Los Angeles,CA,91326
444,11701  - 11701  PORTER RANCH DR ,Los Angeles,CA,91326
445,11701  - 11701  PORTER RANCH DR ,Los Angeles,CA,91326
446,20443  - 20443  AURORA WAY ,Los Angeles,CA,91326
447,20449  - 20449  AURORA WAY ,Los Angeles,CA,91326
448,20455  - 20455  AURORA WAY ,Los Angeles,CA,91326
449,11537  - 11537  AMALFI WAY ,Los Angeles,CA,91326
450,11539  - 11539  AMALFI WAY ,Los Angeles,CA,91326
451,11543  - 11543  AMALFI WAY ,Los Angeles,CA,91326
452,11533  - 11533  AMALFI WAY ,Los Angeles,CA,91326
453,11541  - 11541  AMALFI WAY ,Los Angeles,CA,91326
454,11545  - 11545  AMALFI WAY ,Los Angeles,CA,91326
455,11310  - 11320  PASEO EL SOL  ,Los Angeles,CA,91326
456,11236  - 11246  PASEO DORADO  ,Los Angeles,CA,91326
457,20337  - 20337  AVENIDA ALEGRE  ,Los Angeles,CA,91326
458,11925  - 11925  RICASOLI WAY ,Los Angeles,CA,91326
459,11966  - 11966  RICASOLI WAY ,Los Angeles,CA,91326
460,11917  - 11917  RICASOLI WAY ,Los Angeles,CA,91326
461,11932  - 11932  RICASOLI WAY ,Los Angeles,CA,91326
462,11929  - 11929  RICASOLI WAY ,Los Angeles,CA,91326
463,11924  - 11924  RICASOLI WAY ,Los Angeles,CA,91326
464,11933  - 11933  RICASOLI WAY ,Los Angeles,CA,91326
465,11941  - 11941  RICASOLI WAY ,Los Angeles,CA,91326
466,11937  - 11937  RICASOLI WAY ,Los Angeles,CA,91326
467,11940  - 11940  RICASOLI WAY ,Los Angeles,CA,91326
468,11921  - 11921  RICASOLI WAY ,Los Angeles,CA,91326
469,11944  - 11944  RICASOLI WAY ,Los Angeles,CA,91326
470,11928  - 11928  RICASOLI WAY ,Los Angeles,CA,91326
471,11945  - 11945  RICASOLI WAY ,Los Angeles,CA,91326
472,11963  - 11963  RICASOLI WAY ,Los Angeles,CA,91326
473,11949  - 11949  RICASOLI WAY ,Los Angeles,CA,91326
474,11936  - 11936  RICASOLI WAY ,Los Angeles,CA,91326
475,11254  - 11264  PASEO DEL CIELO  ,Los Angeles,CA,91326
476,20285  - 20289  AVENIDA PALOMA  ,Los Angeles,CA,91326
477,20288  - 20292  PASEO ALMENDRA  WEST,Los Angeles,CA,91326
478,20287  - 20291  PASEO ALMENDRA  WEST,Los Angeles,CA,91326
479,10907  - 10907  SWEETWATER CT ,Los Angeles,CA,91311
480,10900  - 10900  SWEETWATER CT ,Los Angeles,CA,91311
481,10849  - 10849  SWEETWATER CT ,Los Angeles,CA,91311
482,10861  - 10861  SWEETWATER CT ,Los Angeles,CA,91311
483,10860  - 10860  SWEETWATER CT ,Los Angeles,CA,91311
484,10901  - 10901  SWEETWATER CT ,Los Angeles,CA,91311
485,10848  - 10848  SWEETWATER CT ,Los Angeles,CA,91311
486,10854  - 10854  SWEETWATER CT ,Los Angeles,CA,91311
487,10851  - 10851  BEE CANYON  ,Los Angeles,CA,91311
488,22005  - 22005  TULSA ST ,Los Angeles,CA,91311
489,22010  - 22010  CALLE MILAGROS  ,Los Angeles,CA,91311
490,22011  - 22011  TULSA ST ,Los Angeles,CA,91311
491,10859  - 10859  BEE CANYON  ,Los Angeles,CA,91311
492,10868  - 10868  BEE CANYON  ,Los Angeles,CA,91311
493,22034  - 22034  CALLE MILAGROS  ,Los Angeles,CA,91311
494,22015  - 22015  TULSA ST ,Los Angeles,CA,91311
495,10871  - 10871  BEE CANYON  ,Los Angeles,CA,91311
496,22046  - 22046  CALLE MILAGROS  ,Los Angeles,CA,91311
497,10877  - 10877  BEE CANYON  ,Los Angeles,CA,91311
498,10883  - 10883  BEE CANYON  ,Los Angeles,CA,91311
499,10868  - 10868  BEE CANYON  ,Los Angeles,CA,91311
500,9118  - 9118  FOSTER LANE ,Los Angeles,CA,91311
501,9115  - 9115  BALLARD DR ,Los Angeles,CA,91311
502,9100  - 9100  BALLARD DR ,Los Angeles,CA,91311
503,9108  - 9108  BALLARD DR ,Los Angeles,CA,91311
504,9127  - 9127  BALLARD DR ,Los Angeles,CA,91311
505,9121  - 9121  BALLARD DR ,Los Angeles,CA,91311
506,9129  - 9129  BALLARD DR ,Los Angeles,CA,91311
507,9123  - 9123  BALLARD DR ,Los Angeles,CA,91311
508,9116  - 9116  BALLARD DR ,Los Angeles,CA,91311
509,9102  - 9102  BALLARD DR ,Los Angeles,CA,91311
510,9112  - 9112  BALLARD DR ,Los Angeles,CA,91311
511,9117  - 9117  BALLARD DR ,Los Angeles,CA,91311
512,9111  - 9111  BALLARD DR ,Los Angeles,CA,91311
513,9113  - 9113  BALLARD DR ,Los Angeles,CA,91311
514,9110  - 9110  BALLARD DR ,Los Angeles,CA,91311
515,9125  - 9125  BALLARD DR ,Los Angeles,CA,91311
516,9120  - 9120  BALLARD DR ,Los Angeles,CA,91311
517,9119  - 9119  BALLARD DR ,Los Angeles,CA,91311
518,9106  - 9106  BALLARD DR ,Los Angeles,CA,91311
519,21938  - 21938  WALTERS DR ,Los Angeles,CA,91311
520,9109  - 9109  BALLARD DR ,Los Angeles,CA,91311
521,9107  - 9107  BALLARD DR ,Los Angeles,CA,91311
522,9105  - 9105  BALLARD DR ,Los Angeles,CA,91311
523,19541  - 19543  EMPIRE LANE ,Los Angeles,CA,91324
524,19548  - 19548  EMPIRE LANE ,Los Angeles,CA,91324
525,19537  - 19539  EMPIRE LANE ,Los Angeles,CA,91324
526,19530  - 19530  PRAIRIE ST ,Los Angeles,CA,91324
527,19545  - 19549  EMPIRE LANE ,Los Angeles,CA,91324
528,19601  - 19601  NORDHOFF ST ,Los Angeles,CA,91324
529,19503  - 19507  ASTOR PL ,Los Angeles,CA,91324
530,19530  - 19530  PRAIRIE ST ,Los Angeles,CA,91324
531,19502  - 19506  ASTOR PL ,Los Angeles,CA,91324
532,17570  - 17570  DEARBORN ST ,Los Angeles,CA,91325
533,17570  - 17570  DEARBORN ST ,Los Angeles,CA,91324
534,8316  - 8316  LURLINE AVE ,Los Angeles,CA,91306
535,20047  - 20047  LILA PL ,Los Angeles,CA,91306
536,20060  - 20060  LILA PL ,Los Angeles,CA,91306
537,20023  - 20023  DAMPA LANE ,Los Angeles,CA,91306
538,8615  - 8615  PENFIELD AVE ,Los Angeles,CA,91306
539,20039  - 20039  LILA PL ,Los Angeles,CA,91306
540,20048  - 20048  LILA PL ,Los Angeles,CA,91306
541,8641  - 8641  LEILANI AVE ,Los Angeles,CA,91306
542,20033  - 20033  LINNEA CT ,Los Angeles,CA,91306
543,8645  - 8645  LEILANI AVE ,Los Angeles,CA,91306
544,20040  - 20040  DAMPA LANE ,Los Angeles,CA,91306
545,8648  - 8648  WINNETKA AVE ,Los Angeles,CA,91306
546,20025  - 20025  LINNEA CT ,Los Angeles,CA,91306
547,20017  - 20017  DAMPA LANE ,Los Angeles,CA,91306
548,8656  - 8656  WINNETKA AVE ,Los Angeles,CA,91306
549,20055  - 20055  LILA PL ,Los Angeles,CA,91306
550,20029  - 20029  LINNEA CT ,Los Angeles,CA,91306
551,20054  - 20054  LILA PL ,Los Angeles,CA,91306
552,20055  - 20055  DAMPA LANE ,Los Angeles,CA,91306
553,20047  - 20047  DAMPA LANE ,Los Angeles,CA,91306
554,20018  - 20018  DAMPA LANE ,Los Angeles,CA,91306
555,8621  - 8621  PENFIELD AVE ,Los Angeles,CA,91306
556,20043  - 20043  LILA PL ,Los Angeles,CA,91306
557,8633  - 8633  PENFIELD AVE ,Los Angeles,CA,91306
558,20059  - 20059  LILA PL ,Los Angeles,CA,91306
559,8639  - 8639  PENFIELD AVE ,Los Angeles,CA,91306
560,8627  - 8627  ADRIAN AVE ,Los Angeles,CA,91306
561,20024  - 20024  DAMPA LANE ,Los Angeles,CA,91306
562,20051  - 20051  LILA PL ,Los Angeles,CA,91306
563,8627  - 8627  PENFIELD AVE ,Los Angeles,CA,91306
564,8642  - 8642  LEILANI AVE ,Los Angeles,CA,91306
565,20021  - 20021  LINNEA CT ,Los Angeles,CA,91306
566,20024  - 20024  LINNEA CT ,Los Angeles,CA,91306
567,8611  - 8611  ADRIAN AVE ,Los Angeles,CA,91306
568,8608  - 8608  RIVENDELL CT ,Los Angeles,CA,91306
569,8610  - 8610  ADRIAN AVE ,Los Angeles,CA,91306
570,8544  - 8544  WINNETKA AVE ,Los Angeles,CA,91306
571,8601  - 8601  RIVENDELL CT ,Los Angeles,CA,91306
572,8612  - 8612  RIVENDELL CT ,Los Angeles,CA,91306
573,20052  - 20052  BETZ DR ,Los Angeles,CA,91306
574,20056  - 20056  BETZ DR ,Los Angeles,CA,91306
575,8544  - 8544  WINNETKA AVE ,Los Angeles,CA,91306
576,20055  - 20055  BETZ DR ,Los Angeles,CA,91306
577,8600  - 8600  RIVENDELL CT ,Los Angeles,CA,91306
578,20046  - 20046  BETZ DR ,Los Angeles,CA,91306
579,8604  - 8604  RIVENDELL CT ,Los Angeles,CA,91306
580,6570  - 6570  WEST BLVD ,Los Angeles,CA,90043
581,7103  - 7103 1/2 LA CIENEGA BLVD ,Los Angeles,CA,90045
582,7105  - 7105 1/2 LA CIENEGA BLVD ,Los Angeles,CA,90045
583,8139  - 8139  NAYLOR AVE ,Los Angeles,CA,90045
584,8310  - 8310  ALTAVAN AVE ,Los Angeles,CA,90045
585,12424  - 12424  NORTH SEAGLASS CIR ,Los Angeles,CA,90094
586,5815  - 5815  SEAHORSE CT ,Los Angeles,CA,90094
587,12838  - 12838  NORTH SEAGLASS CIR ,Los Angeles,CA,90094
588,5823  - 5823  SEAHORSE CT ,Los Angeles,CA,90094
589,12873  - 12873  NORTH SEAGLASS CIR ,Los Angeles,CA,90094
590,5826  - 5826  SEAHORSE CT ,Los Angeles,CA,90094
591,5818  - 5818  SEAHORSE CT ,Los Angeles,CA,90094
592,12834  - 12834  NORTH SEAGLASS CIR ,Los Angeles,CA,90094
593,5849  - 5849  WEST SEAGLASS CIR ,Los Angeles,CA,90094
594,12830  - 12830  NORTH SEAGLASS CIR ,Los Angeles,CA,90094
595,12869  - 12869  NORTH SEAGLASS CIR ,Los Angeles,CA,90094
596,12775  - 12775  BLUFF CREEK DR ,Los Angeles,CA,90094
597,12755  - 12755  BLUFF CREEK DR ,Los Angeles,CA,90094
598,12771  - 12771  SHELL PL ,Los Angeles,CA,90094
599,5850  - 5850  MCCONNELL AVE ,Los Angeles,CA,90094
600,12785  - 12785  BLUFF CREEK DR ,Los Angeles,CA,90094
601,12735  - 12735  BLUFF CREEK DR ,Los Angeles,CA,90094
602,12705  - 12705  BLUFF CREEK DR ,Los Angeles,CA,90094
603,12715  - 12715  SEABEACH PL ,Los Angeles,CA,90094
604,12725  - 12725  BLUFF CREEK DR ,Los Angeles,CA,90094
605,5914  - 5914  FIREFLY PL ,Los Angeles,CA,90094
606,5916  - 5916  VILLAGE DR ,Los Angeles,CA,90094
607,5920  - 5920  VILLAGE DR ,Los Angeles,CA,90094
608,5908  - 5908  VILLAGE DR ,Los Angeles,CA,90094
609,5908  - 5908  VILLAGE DR ,Los Angeles,CA,90094
610,5922  - 5922  FIREFLY PL ,Los Angeles,CA,90094
611,5900  - 5900  VILLAGE DR ,Los Angeles,CA,90094
612,12695  - 12695  BLUFF CREEK DR ,Los Angeles,CA,90094
613,5902  - 5902  FIREFLY PL ,Los Angeles,CA,90094
614,5906  - 5906  FIREFLY PL ,Los Angeles,CA,90094
615,5912  - 5912  VILLAGE DR ,Los Angeles,CA,90094
616,5924  - 5924  VILLAGE DR ,Los Angeles,CA,90094
617,5918  - 5918  FIREFLY PL ,Los Angeles,CA,90094
618,5926  - 5926  FIREFLY PL ,Los Angeles,CA,90094
619,5912  - 5912  VILLAGE DR ,Los Angeles,CA,90094
620,5910  - 5910  FIREFLY PL ,Los Angeles,CA,90094
621,12655  - 12655  BLUFF CREEK DR ,Los Angeles,CA,90094
622,12780  - 12780  AURORA PL ,Los Angeles,CA,90094
623,12780  - 12780  AURORA PL ,Los Angeles,CA,90094
624,12780  - 12780  AURORA PL ,Los Angeles,CA,90094
625,5837  - 5837  VILLAGE DR ,Los Angeles,CA,90094
626,5837  - 5837  VILLAGE DR ,Los Angeles,CA,90094
627,12765  - 12765  BLUFF CREEK DR ,Los Angeles,CA,90094
628,12763  - 12763  SHELL PL ,Los Angeles,CA,90094
629,3714  - 3714  KELTON AVE ,Los Angeles,CA,90034
630,1515  - 1515  GRANVILLE AVE ,Los Angeles,CA,90025
631,1746  - 1746  STONER AVE ,Los Angeles,CA,90025
632,1746  - 1746  STONER AVE ,Los Angeles,CA,90025
633,1746  - 1746  STONER AVE ,Los Angeles,CA,90025
634,1746  - 1746  STONER AVE ,Los Angeles,CA,90025
635,11847  - 11847  KIOWA AVE ,Los Angeles,CA,90049
636,2311  - 2311  BEVERWIL DR ,Los Angeles,CA,90034
637,10205  - 10205  CENTURY WOODS DR ,Los Angeles,CA,90067
638,10207  - 10207  CENTURY WOODS DR ,Los Angeles,CA,90067
639,10203  - 10203  CENTURY WOODS DR ,Los Angeles,CA,90067
640,10209  - 10209  CENTURY WOODS DR ,Los Angeles,CA,90067
641,10202  - 10202  CENTURY WOODS DR ,Los Angeles,CA,90067
642,10201  - 10201  CENTURY WOODS DR ,Los Angeles,CA,90067
643,1819  - 1819  KELTON AVE ,Los Angeles,CA,90025
644,1070  - 1070  HOLT AVE ,Los Angeles,CA,90035
645,105  - 105  DOHENY DR ,Los Angeles,CA,90048
646,10471  - 10471  SANDAL LANE ,Los Angeles,CA,90077
647,2450  - 2450  SUMMITRIDGE DR ,Los Angeles,CA,90210
648,2450  - 2450  SUMMITRIDGE DR ,Los Angeles,CA,90210
649,2450  - 2450  SUMMITRIDGE DR ,Los Angeles,CA,90210
650,2450  - 2450  SUMMITRIDGE DR ,Los Angeles,CA,90210
651,11953  - 11953  SUNSET BLVD ,Los Angeles,CA,90049
652,15213  - 15213  DE PAUW ST ,Los Angeles,CA,90272
653,1046  - 1046  GALLOWAY ST ,Los Angeles,CA,90272
654,2804  - 2804  ELLENDALE PL ,Los Angeles,CA,90007
655,5920  - 5920  SAWYER ST ,Los Angeles,CA,90035
656,5940  - 5940  SAWYER ST ,Los Angeles,CA,90035
657,982  - 982  CATALINA ST ,Los Angeles,CA,90006
658,1101  - 1101  HARVARD BLVD ,Los Angeles,CA,90006
659,5512  - 5514  MAIN ST ,Los Angeles,CA,90011
660,5512  - 5514  MAIN ST ,Los Angeles,CA,90011
661,4129  - 4129  RAYNOL ST ,Los Angeles,CA,90032
662,4236  - 4236  GUARDIA AVE ,Los Angeles,CA,90032
663,1511 1/4 - 1511 1/4 LAKE SHORE AVE ,Los Angeles,CA,90026
664,1511 1/2 - 1511 1/2 LAKE SHORE AVE ,Los Angeles,CA,90026
665,1513 1/2 - 1513 1/2 LAKE SHORE AVE ,Los Angeles,CA,90026
666,1515 1/2 - 1515 1/2 LAKE SHORE AVE ,Los Angeles,CA,90026
667,1641  - 1641  MORTON AVE ,Los Angeles,CA,90026
668,1641  - 1641  MORTON AVE ,Los Angeles,CA,90026
669,1641  - 1641  MORTON AVE ,Los Angeles,CA,90026
670,1641  - 1641  MORTON AVE ,Los Angeles,CA,90026
671,1641  - 1641  MORTON AVE ,Los Angeles,CA,90026
672,1641  - 1641  MORTON AVE ,Los Angeles,CA,90026
673,1641  - 1641  MORTON AVE ,Los Angeles,CA,90026
674,1641  - 1641  MORTON AVE ,Los Angeles,CA,90026
675,1641  - 1641  MORTON AVE ,Los Angeles,CA,90026
676,1641  - 1641  MORTON AVE ,Los Angeles,CA,90026
677,1641  - 1641  MORTON AVE ,Los Angeles,CA,90026
678,1641  - 1641  MORTON AVE ,Los Angeles,CA,90026
679,1641  - 1641  MORTON AVE ,Los Angeles,CA,90026
680,1641  - 1641  MORTON AVE ,Los Angeles,CA,90026
681,1641  - 1641  MORTON AVE ,Los Angeles,CA,90026
682,1829  - 1829  SILENT ERA DR ,Los Angeles,CA,90026
683,1835  - 1835  SILENT ERA DR ,Los Angeles,CA,90026
684,2205  - 2205  TOM MIX RD ,Los Angeles,CA,90026
685,1831  - 1831  SILENT ERA DR ,Los Angeles,CA,90026
686,1833  - 1833  SILENT ERA DR ,Los Angeles,CA,90026
687,1827  - 1827  SILENT ERA DR ,Los Angeles,CA,90026
688,1837  - 1837  SILENT ERA DR ,Los Angeles,CA,90026
689,1429 1/2 - 1429 1/2 WATERLOO ST ,Los Angeles,CA,90026
690,1429  - 1429  WATERLOO ST ,Los Angeles,CA,90026
691,1431 1/2 - 1431 1/2 WATERLOO ST ,Los Angeles,CA,90026
692,1433 1/2 - 1433 1/2 WATERLOO ST ,Los Angeles,CA,90026
693,1431  - 1431  WATERLOO ST ,Los Angeles,CA,90026
694,1425 1/2 - 1425 1/2 WATERLOO ST ,Los Angeles,CA,90026
695,1427 1/2 - 1427 1/2 WATERLOO ST ,Los Angeles,CA,90026
696,859 1/2 - 859 1/2 HYPERION AVE ,Los Angeles,CA,90029
697,853 1/2 - 853 1/2 HYPERION AVE ,Los Angeles,CA,90029
698,859  - 859  HYPERION AVE ,Los Angeles,CA,90029
699,855  - 855  HYPERION AVE ,Los Angeles,CA,90029
700,857  - 857  HYPERION AVE ,Los Angeles,CA,90029
701,855 1/2 - 855 1/2 HYPERION AVE ,Los Angeles,CA,90029
702,857 1/2 - 857 1/2 HYPERION AVE ,Los Angeles,CA,90029
703,1304  - 1304  TULAROSA DR ,Los Angeles,CA,90026
704,1302  - 1302  TULAROSA DR ,Los Angeles,CA,90026
705,1314  - 1314  TULAROSA DR ,Los Angeles,CA,90026
706,1300  - 1300  TULAROSA DR ,Los Angeles,CA,90026
707,1308  - 1308  TULAROSA DR ,Los Angeles,CA,90026
708,1306  - 1306  TULAROSA DR ,Los Angeles,CA,90026
709,1312  - 1312  TULAROSA DR ,Los Angeles,CA,90026
710,3426  - 3426  FERNWOOD AVE ,Los Angeles,CA,90039
711,3426  - 3426  FERNWOOD AVE ,Los Angeles,CA,90039
712,2928  - 2928  ROWENA AVE ,Los Angeles,CA,90027
713,2922  - 2922  ROWENA AVE ,Los Angeles,CA,90027
714,2580  - 2580  CHAUCER ST ,Los Angeles,CA,90065
715,2581  - 2581  CHAUCER ST ,Los Angeles,CA,90065
716,2581  - 2581  CHAUCER ST ,Los Angeles,CA,90065
717,2580  - 2580  CHAUCER ST ,Los Angeles,CA,90065
718,2700  - 2700  CHAUCER ST ,Los Angeles,CA,90065
719,2700  - 2700  CHAUCER ST ,Los Angeles,CA,90065
720,2700  - 2700  CHAUCER ST ,Los Angeles,CA,90065
721,2700  - 2700  CHAUCER ST ,Los Angeles,CA,90065
722,2700  - 2700  CHAUCER ST ,Los Angeles,CA,90065
723,2700  - 2700  CHAUCER ST ,Los Angeles,CA,90065
724,2700  - 2700  CHAUCER ST ,Los Angeles,CA,90065
725,2700  - 2700  CHAUCER ST ,Los Angeles,CA,90065
726,2700  - 2700  CHAUCER ST ,Los Angeles,CA,90065
727,2700  - 2700  CHAUCER ST ,Los Angeles,CA,90065
728,2700  - 2700  CHAUCER ST ,Los Angeles,CA,90065
729,2700  - 2700  CHAUCER ST ,Los Angeles,CA,90065
730,2700  - 2700  CHAUCER ST ,Los Angeles,CA,90065
731,2700  - 2700  CHAUCER ST ,Los Angeles,CA,90065
732,2700  - 2700  CHAUCER ST ,Los Angeles,CA,90065
733,2700  - 2700  CHAUCER ST ,Los Angeles,CA,90065
734,2700  - 2700  CHAUCER ST ,Los Angeles,CA,90065
735,2700  - 2700  CHAUCER ST ,Los Angeles,CA,90065
736,2700  - 2700  CHAUCER ST ,Los Angeles,CA,90065
737,5109  - 5109  ECHO ST ,Los Angeles,CA,90042
738,132  - 132  BOEING LANE ,Los Angeles,CA,90042
739,130  - 130  BOEING LANE ,Los Angeles,CA,90042
740,126  - 126  BOEING LANE ,Los Angeles,CA,90042
741,5103  - 5103  ECHO ST ,Los Angeles,CA,90042
742,133  - 133  BOEING LANE ,Los Angeles,CA,90042
743,129  - 129  BOEING LANE ,Los Angeles,CA,90042
744,127  - 127  BOEING LANE ,Los Angeles,CA,90042
745,5053  - 5053  ECHO ST ,Los Angeles,CA,90042
746,133  - 133  CESSNA LANE ,Los Angeles,CA,90042
747,129  - 129  CESSNA LANE ,Los Angeles,CA,90042
748,5409  - 5409  ECHO ST ,Los Angeles,CA,90042
749,127  - 127  CESSNA LANE ,Los Angeles,CA,90042
750,132  - 132  BEECH LANE ,Los Angeles,CA,90042
751,130  - 130  BEECH LANE ,Los Angeles,CA,90042
752,126  - 126  BEECH LANE ,Los Angeles,CA,90042
753,133  - 133  BEECH LANE ,Los Angeles,CA,90042
754,129  - 129  BEECH LANE ,Los Angeles,CA,90042
755,127  - 127  BEECH LANE ,Los Angeles,CA,90042
756,1543  - 1543  VERBENA WAY ,Los Angeles,CA,90041
757,1553  - 1553  VERBENA WAY ,Los Angeles,CA,90041
758,1551  - 1551  VERBENA WAY ,Los Angeles,CA,90041
759,1559  - 1559  VERBENA WAY ,Los Angeles,CA,90041
760,1554  - 1554  CHIA WAY ,Los Angeles,CA,90041
761,1540  - 1540  CHIA WAY ,Los Angeles,CA,90041
762,1556  - 1556  CHIA WAY ,Los Angeles,CA,90041
763,1557  - 1557  VERBENA WAY ,Los Angeles,CA,90041
764,1549  - 1549  VERBENA WAY ,Los Angeles,CA,90041
765,1545  - 1545  VERBENA WAY ,Los Angeles,CA,90041
766,1555  - 1555  VERBENA WAY ,Los Angeles,CA,90041
767,1542  - 1542  CHIA WAY ,Los Angeles,CA,90041
768,1548  - 1548  CHIA WAY ,Los Angeles,CA,90041
769,1546  - 1546  CHIA WAY ,Los Angeles,CA,90041
770,1544  - 1544  CHIA WAY ,Los Angeles,CA,90041
771,1552  - 1552  CHIA WAY ,Los Angeles,CA,90041
772,1558  - 1558  CHIA WAY ,Los Angeles,CA,90041
773,1550  - 1550  CHIA WAY ,Los Angeles,CA,90041
774,1547  - 1547  VERBENA WAY ,Los Angeles,CA,90041
775,1410  - 1410  PRISM DR ,Los Angeles,CA,90041
776,1548  - 1548  MERCURY DR ,Los Angeles,CA,90042
777,1501  - 1501  MERCURY DR ,Los Angeles,CA,90042
778,1516  - 1516  MERCURY DR ,Los Angeles,CA,90042
779,1542  - 1542  MERCURY DR ,Los Angeles,CA,90042
780,1549  - 1549  MERCURY DR ,Los Angeles,CA,90042
781,1536  - 1536  MERCURY DR ,Los Angeles,CA,90042
782,1508  - 1508  MERCURY DR ,Los Angeles,CA,90042
783,1528  - 1528  MERCURY DR ,Los Angeles,CA,90042
784,1522  - 1522  MERCURY DR ,Los Angeles,CA,90042
785,418  - 418  NORTON AVE ,Los Angeles,CA,90004
786,855  - 855  CHEROKEE AVE ,Los Angeles,CA,90038
787,7192  - 7192  FORMOSA FUSION CT ,Los Angeles,CA,90046
788,7193  - 7193  FORMOSA FUSION CT ,Los Angeles,CA,90046
789,7195  - 7195  FORMOSA FUSION CT ,Los Angeles,CA,90046
790,7191  - 7191  FORMOSA FUSION CT ,Los Angeles,CA,90046
791,7196  - 7196  FORMOSA FUSION CT ,Los Angeles,CA,90046
792,7190  - 7190  FORMOSA FUSION CT ,Los Angeles,CA,90046
793,7194  - 7194  FORMOSA FUSION CT ,Los Angeles,CA,90046
794,7199  - 7199  FORMOSA FUSION CT ,Los Angeles,CA,90046
795,7197  - 7197  FORMOSA FUSION CT ,Los Angeles,CA,90046
796,7198  - 7198  FORMOSA FUSION CT ,Los Angeles,CA,90046
797,833  - 833  EDINBURGH AVE ,Los Angeles,CA,90046
798,7077  - 7077  WILLOUGHBY AVE ,Los Angeles,CA,90038
799,6724  - 6724  HEPBURN WAY ,Los Angeles,CA,90038
800,816  - 816  JUNE ST ,Los Angeles,CA,90038
801,816  - 816  JUNE ST ,Los Angeles,CA,90038
802,816  - 816  JUNE ST ,Los Angeles,CA,90038
803,816  - 816  JUNE ST ,Los Angeles,CA,90038
804,816  - 816  JUNE ST ,Los Angeles,CA,90038
805,816  - 816  JUNE ST ,Los Angeles,CA,90038
806,816  - 816  JUNE ST ,Los Angeles,CA,90038
807,816  - 816  JUNE ST ,Los Angeles,CA,90038
808,816  - 816  JUNE ST ,Los Angeles,CA,90038
809,816  - 816  JUNE ST ,Los Angeles,CA,90038
810,1238 1/2 - 1238 1/2 GORDON ST ,Los Angeles,CA,90038
811,1244  - 1244  GORDON ST ,Los Angeles,CA,90038
812,1246 1/2 - 1246 1/2 GORDON ST ,Los Angeles,CA,90038
813,1240 1/2 - 1240 1/2 GORDON ST ,Los Angeles,CA,90038
814,1242 1/2 - 1242 1/2 GORDON ST ,Los Angeles,CA,90038
815,1246  - 1246  GORDON ST ,Los Angeles,CA,90038
816,1244 1/2 - 1244 1/2 GORDON ST ,Los Angeles,CA,90038
817,1146  - 1152  BEACHWOOD DR ,Los Angeles,CA,90038
818,1146  - 1152  BEACHWOOD DR ,Los Angeles,CA,90038
819,1146  - 1152  BEACHWOOD DR ,Los Angeles,CA,90038
820,1146  - 1152  BEACHWOOD DR ,Los Angeles,CA,90038
821,1146  - 1152  BEACHWOOD DR ,Los Angeles,CA,90038
822,1146  - 1152  BEACHWOOD DR ,Los Angeles,CA,90038
823,1146  - 1152  BEACHWOOD DR ,Los Angeles,CA,90038
824,1146  - 1152  BEACHWOOD DR ,Los Angeles,CA,90038
825,1146  - 1152  BEACHWOOD DR ,Los Angeles,CA,90038
826,1258  - 1258  GOWER ST ,Los Angeles,CA,90038
827,6086  - 6086  FOUNTAIN AVE ,Los Angeles,CA,90038
828,6090  - 6090  FOUNTAIN AVE ,Los Angeles,CA,90038
829,1262  - 1262  GOWER ST ,Los Angeles,CA,90038
830,6088  - 6088  FOUNTAIN AVE ,Los Angeles,CA,90038
831,6080  - 6080  FOUNTAIN AVE ,Los Angeles,CA,90038
832,1260  - 1260  GOWER ST ,Los Angeles,CA,90038
833,6082  - 6082  FOUNTAIN AVE ,Los Angeles,CA,90038
834,1256  - 1256  GOWER ST ,Los Angeles,CA,90038
835,1264  - 1264  GOWER ST ,Los Angeles,CA,90038
836,6084  - 6084  FOUNTAIN AVE ,Los Angeles,CA,90038
837,5634  - 5634  CIELO WAY ,Los Angeles,CA,90028
838,5628  - 5628  CIELO WAY ,Los Angeles,CA,90028
839,5630  - 5630  CIELO WAY ,Los Angeles,CA,90028
840,5632  - 5632  CIELO WAY ,Los Angeles,CA,90028
841,5640  - 5640  CIELO WAY ,Los Angeles,CA,90028
842,5638  - 5638  CIELO WAY ,Los Angeles,CA,90028
843,5636  - 5636  CIELO WAY ,Los Angeles,CA,90028
844,1338  - 1338  GORDON ST ,Los Angeles,CA,90028
845,6117  - 6117  FOUNTAIN AVE ,Los Angeles,CA,90028
846,1825  - 1825  LAS PALMAS AVE ,Los Angeles,CA,90028
847,6685  - 6685  DAYCHAR DR ,Los Angeles,CA,90028
848,6683  - 6683  DAYCHAR DR ,Los Angeles,CA,90028
849,6681  - 6681  DAYCHAR DR ,Los Angeles,CA,90028
850,6687  - 6687  DAYCHAR DR ,Los Angeles,CA,90028
851,2774  - 2774  WRIGHT LANE ,Los Angeles,CA,90068
852,6738  - 6738  GILL WAY ,Los Angeles,CA,90068
853,2776  - 2776  WRIGHT LANE ,Los Angeles,CA,90068
854,6747  - 6747  GILL WAY ,Los Angeles,CA,90068
855,2780  - 2780  WRIGHT LANE ,Los Angeles,CA,90068
856,6744  - 6744  GILL WAY ,Los Angeles,CA,90068
857,6743  - 6743  GILL WAY ,Los Angeles,CA,90068
858,2778  - 2778  WRIGHT LANE ,Los Angeles,CA,90068
859,6754  - 6754  GILL WAY ,Los Angeles,CA,90068
860,6740  - 6740  GILL WAY ,Los Angeles,CA,90068
861,6742  - 6742  GILL WAY ,Los Angeles,CA,90068
862,6746  - 6746  GILL WAY ,Los Angeles,CA,90068
863,6752  - 6752  GILL WAY ,Los Angeles,CA,90068
864,6749  - 6749  GILL WAY ,Los Angeles,CA,90068
865,6750  - 6750  GILL WAY ,Los Angeles,CA,90068
866,6748  - 6748  GILL WAY ,Los Angeles,CA,90068
867,1350  - 1350  FAIRFAX AVE ,Los Angeles,CA,90046
868,1358  - 1358  FAIRFAX AVE ,Los Angeles,CA,90046
869,1360  - 1360  FAIRFAX AVE ,Los Angeles,CA,90046
870,1350 1/2 - 1350 1/2 FAIRFAX AVE ,Los Angeles,CA,90046
871,1356  - 1356  FAIRFAX AVE ,Los Angeles,CA,90046
872,1354  - 1354  FAIRFAX AVE ,Los Angeles,CA,90046
873,8149  - 8149  WILLOW GLEN ROAD ,Los Angeles,CA,90046
874,4643  - 4645  VERDUGO ROAD ,Los Angeles,CA,91205
875,341  - 343  73RD ST ,Los Angeles,CA,90003
876,9547  - 9547  COMPTON AVE ,Los Angeles,CA,90002
877,2100  - 2106  99TH PL ,Los Angeles,CA,90002
878,9911  - 9919  KALMIA ST ,Los Angeles,CA,90002
879,9910  - 9918  JUNIPER ST ,Los Angeles,CA,90002
880,2101  - 2107  CENTURY BLVD ,Los Angeles,CA,90002
881,2270  - 2298  99TH PL ,Los Angeles,CA,90002
882,9920  - 9930  KALMIA ST ,Los Angeles,CA,90002
883,2131  - 2139  CENTURY BLVD ,Los Angeles,CA,90002
884,2236  - 2268  99TH PL ,Los Angeles,CA,90002
885,2185  - 2219  CENTURY BLVD ,Los Angeles,CA,90002
886,9900  - 9908  JUNIPER ST ,Los Angeles,CA,90002
887,151  - 151  102ND ST ,Los Angeles,CA,90003
888,151  - 153  102ND ST ,Los Angeles,CA,90003
889,155  - 157  102ND ST ,Los Angeles,CA,90003
890,155  - 157  102ND ST ,Los Angeles,CA,90003
891,724 - - 724 1/2 COLDEN AVE ,Los Angeles,CA,90044
892,726 - - 726 1/2 COLDEN AVE ,Los Angeles,CA,90044
893,1777  - 1777  108TH ST ,Los Angeles,CA,90059
894,10350  - 10350  KALMIA ST ,Los Angeles,CA,90002
895,550  - 550  127TH ST ,Los Angeles,CA,90044
896,1659  - 1659  221ST ST ,Los Angeles,CA,90501
897,20953  - 20953  NORMANDIE AVE ,Los Angeles,CA,90501
898,20953  - 20953  NORMANDIE AVE ,Los Angeles,CA,90501
899,20953  - 20953  NORMANDIE AVE ,Los Angeles,CA,90501
900,20933  - 20933  NORMANDIE AVE ,Los Angeles,CA,90501
901,20945  - 20945  NORMANDIE AVE ,Los Angeles,CA,90501
902,20925  - 20925  NORMANDIE AVE ,Los Angeles,CA,90501
903,20933  - 20933  NORMANDIE AVE ,Los Angeles,CA,90501
904,419  - 419  HAWAIIAN AVE ,Los Angeles,CA,90744
905,415  - 415  HAWAIIAN AVE ,Los Angeles,CA,90744
906,417  - 417  HAWAIIAN AVE ,Los Angeles,CA,90744
907,419  - 419  HAWAIIAN AVE ,Los Angeles,CA,90744
908,421  - 421  HAWAIIAN AVE ,Los Angeles,CA,90744
909,310  - 310  HAWAIIAN AVE ,Los Angeles,CA,90744
910,322  - 322  HAWAIIAN AVE ,Los Angeles,CA,90744
911,340  - 340  HAWAIIAN AVE ,Los Angeles,CA,90744
912,1102  - 1102  D ST ,Los Angeles,CA,90744
913,1116  - 1116  D ST ,Los Angeles,CA,90744
914,1130  - 1130  D ST ,Los Angeles,CA,90744
915,1130  - 1130  D ST ,Los Angeles,CA,90744
916,315  - 315  WILMINGTON BLVD ,Los Angeles,CA,90744
917,327  - 327  WILMINGTON BLVD ,Los Angeles,CA,90744
918,307  - 307  WILMINGTON BLVD ,Los Angeles,CA,90744
919,307  - 307  WILMINGTON BLVD ,Los Angeles,CA,90744
920,327  - 327  WILMINGTON BLVD ,Los Angeles,CA,90744
921,1002  - 1002  D ST ,Los Angeles,CA,90744
922,1028  - 1028  D ST ,Los Angeles,CA,90744
923,1016  - 1016  D ST ,Los Angeles,CA,90744
924,1001  - 1001  D ST ,Los Angeles,CA,90744
925,1027  - 1027  D ST ,Los Angeles,CA,90744
926,1015  - 1015  D ST ,Los Angeles,CA,90744
927,1002  - 1002  E ST ,Los Angeles,CA,90744
928,1016  - 1016  E ST ,Los Angeles,CA,90744
929,1028  - 1028  E ST ,Los Angeles,CA,90744
930,1027  - 1027  E ST ,Los Angeles,CA,90744
931,1001  - 1001  E ST ,Los Angeles,CA,90744
932,1015  - 1015  E ST ,Los Angeles,CA,90744
