1,11022  - 11022  BENJAMIN LANE ,Los Angeles,CA,91344
2,11667  - 11667  GORHAM AVE ,Los Angeles,CA,NA
3,219  - 219  BARRINGTON AVE ,Los Angeles,CA,90049
4,1310  - 1310  DETROIT ST ,Los Angeles,CA,90046
5,400  - 400  BROADWAY  ,Los Angeles,CA,90013
6,8330  - 8330  JAKE LN ,Los Angeles,CA,91304
7,22020  - 22020  STRATHERN ST ,Los Angeles,CA,91304
8,22026  - 22026  STRATHERN ST ,Los Angeles,CA,91304
9,22030  - 22030  STRATHERN ST ,Los Angeles,CA,91304
10,22421  - 22421  SHERMAN WAY ,Los Angeles,CA,91307
11,7130  - 7130  GLADE AVE ,Los Angeles,CA,91303
12,7130  - 7130  GLADE AVE ,Los Angeles,CA,91303
13,7130  - 7130  GLADE AVE ,Los Angeles,CA,91303
14,7130  - 7130  GLADE AVE ,Los Angeles,CA,91303
15,7132  - 7132  FARRALONE AVE ,Los Angeles,CA,91303
16,7124  - 7124  FARRALONE AVE ,Los Angeles,CA,91303
17,24430  - 24430  VICTORY BLVD ,Los Angeles,CA,91367
18,24420  - 24420  VICTORY BLVD ,Los Angeles,CA,91367
19,24410  - 24410  VICTORY BLVD ,Los Angeles,CA,91367
20,22809  - 22809  DEL VALLE ST ,Los Angeles,CA,91364
21,23019  - 23019  DEL VALLE ST ,Los Angeles,CA,91364
22,7934  - 7934  KEER DR ,Los Angeles,CA,91335
23,7940  - 7940  KEER DR ,Los Angeles,CA,91335
24,7945  - 7945  KEER DR ,Los Angeles,CA,91335
25,7932  - 7932  KEER DR ,Los Angeles,CA,91335
26,7942  - 7942  KEER DR ,Los Angeles,CA,91335
27,7938  - 7938  KEER DR ,Los Angeles,CA,91335
28,7939  - 7939  KEER DR ,Los Angeles,CA,91335
29,7941  - 7941  KEER DR ,Los Angeles,CA,91335
30,7935  - 7935  KEER DR ,Los Angeles,CA,91335
31,7933  - 7933  KEER DR ,Los Angeles,CA,91335
32,7946  - 7946  KEER DR ,Los Angeles,CA,91335
33,7947  - 7947  KEER DR ,Los Angeles,CA,91335
34,7936  - 7936  KEER DR ,Los Angeles,CA,91335
35,7943  - 7943  KEER DR ,Los Angeles,CA,91335
36,7944  - 7944  KEER DR ,Los Angeles,CA,91335
37,7937  - 7937  KEER DR ,Los Angeles,CA,91335
38,8031  - 8031  CANBY AVE ,Los Angeles,CA,91335
39,8021  - 8021  CANBY AVE ,Los Angeles,CA,91335
40,8235  - 8235  MASON AVE ,Los Angeles,CA,91306
41,7325  - 7325  VASSAR AVE ,Los Angeles,CA,91303
42,7709  - 7709  MENSCH CT ,Los Angeles,CA,91306
43,7515  - 7515  WINNETKA AVE ,Los Angeles,CA,91306
44,20111  - 20111  LEADWELL ST ,Los Angeles,CA,91306
45,20140  - 20140  RUNNYMEDE ST ,Los Angeles,CA,91306
46,19444  - 19444  WYANDOTTE ST ,Los Angeles,CA,91335
47,7240  - 7240  SHIRLEY AVE ,Los Angeles,CA,91335
48,7240  - 7240  SHIRLEY AVE ,Los Angeles,CA,91335
49,19442  - 19442  WYANDOTTE ST ,Los Angeles,CA,91335
50,18410  - 18410  SATICOY ST ,Los Angeles,CA,91335
51,6566  - 6566  VANALDEN AVE ,Los Angeles,CA,91335
52,6566  - 6566  VANALDEN AVE ,Los Angeles,CA,91335
53,6566  - 6566  VANALDEN AVE ,Los Angeles,CA,91335
54,6566  - 6566  VANALDEN AVE ,Los Angeles,CA,91335
55,6650  - 6650  VANALDEN AVE ,Los Angeles,CA,91335
56,7101  - 7101  OSO AVE ,Los Angeles,CA,91306
57,21535  - 21535  ERWIN ST ,Los Angeles,CA,91367
58,21535  - 21535  ERWIN ST ,Los Angeles,CA,91367
59,21535  - 21535  ERWIN ST ,Los Angeles,CA,91367
60,21535  - 21535  ERWIN ST ,Los Angeles,CA,91367
61,5701  - 5701  TOPANGA CANYON BLVD ,Los Angeles,CA,91367
62,22384  - 22384  LAVENDER BELL LANE ,Los Angeles,CA,91367
63,22364  - 22364  MOREA WAY ,Los Angeles,CA,91367
64,21551  - 21551  BURBANK BLVD ,Los Angeles,CA,91367
65,21021  - 21021  ERWIN ST ,Los Angeles,CA,91367
66,21021  - 21021  ERWIN ST ,Los Angeles,CA,91367
67,21021  - 21021  ERWIN ST ,Los Angeles,CA,91367
68,21021  - 21021  ERWIN ST ,Los Angeles,CA,91367
69,21021  - 21021  ERWIN ST ,Los Angeles,CA,91367
70,21021  - 21021  ERWIN ST ,Los Angeles,CA,91367
71,21021  - 21021  ERWIN ST ,Los Angeles,CA,91367
72,21021  - 21021  ERWIN ST ,Los Angeles,CA,91367
73,21021  - 21021  ERWIN ST ,Los Angeles,CA,91367
74,21021  - 21021  ERWIN ST ,Los Angeles,CA,91367
75,21021  - 21021  ERWIN ST ,Los Angeles,CA,91367
76,21021  - 21021  ERWIN ST ,Los Angeles,CA,91367
77,21021  - 21021  ERWIN ST ,Los Angeles,CA,91367
78,21021  - 21021  ERWIN ST ,Los Angeles,CA,91367
79,21021  - 21021  ERWIN ST ,Los Angeles,CA,91367
80,21021  - 21021  ERWIN ST ,Los Angeles,CA,91367
81,19245  - 19245  LIAM LANE ,Los Angeles,CA,91356
82,19246  - 19246  LIAM LANE ,Los Angeles,CA,91356
83,19252  - 19252  LIAM LN ,Los Angeles,CA,91356
84,19249  - 19249  LIAM LANE ,Los Angeles,CA,91356
85,18833  - 18833  HATTERAS ST ,Los Angeles,CA,91356
86,18747  - 18747  HATTERAS ST ,Los Angeles,CA,91356
87,5715  - 5715  ETIWANDA AVE ,Los Angeles,CA,91356
88,18326  - 18326  COLLINS ST ,Los Angeles,CA,91356
89,5616  - 5616  ETIWANDA AVE ,Los Angeles,CA,91356
90,18700  - 18700  VENTURA BLVD ,Los Angeles,CA,91356
91,18700  - 18700  VENTURA BLVD ,Los Angeles,CA,91356
92,5264  - 5264  LINDLEY AVE ,Los Angeles,CA,91316
93,5315  - 5315  ZELZAH AVE ,Los Angeles,CA,91316
94,5145  - 5145  YARMOUTH AVE ,Los Angeles,CA,91316
95,5339  - 5339  NEWCASTLE AVE ,Los Angeles,CA,91316
96,14326  - 14326  IRMA WAY ,Los Angeles,CA,91405
97,14322  - 14322  IRMA WAY ,Los Angeles,CA,91405
98,14320  - 14320  IRMA WAY ,Los Angeles,CA,91405
99,14318  - 14318  IRMA WAY ,Los Angeles,CA,91405
100,14319  - 14319  IRMA WAY ,Los Angeles,CA,91405
101,14321  - 14321  IRMA WAY ,Los Angeles,CA,91405
102,14323  - 14323  IRMA WAY ,Los Angeles,CA,91405
103,14327  - 14327  IRMA WAY ,Los Angeles,CA,91405
104,6818  - 6818  LENNOX AVE ,Los Angeles,CA,91405
105,6810  - 6810  LENNOX AVE ,Los Angeles,CA,91405
106,6818  - 6818  LENNOX AVE ,Los Angeles,CA,91405
107,6814  - 6814  LENNOX AVE ,Los Angeles,CA,91405
108,6810  - 6810  LENNOX AVE ,Los Angeles,CA,91405
109,6814  - 6814  LENNOX AVE ,Los Angeles,CA,91405
110,6822  - 6822  LENNOX AVE ,Los Angeles,CA,91405
111,14100  - 14100  CHAPPAREL LANE ,Los Angeles,CA,91405
112,14104  - 14104  CHAPPAREL LANE ,Los Angeles,CA,91405
113,7200  - 7200  CHESTNUT LANE ,Los Angeles,CA,91405
114,14102  - 14102  CHAPPAREL LANE ,Los Angeles,CA,91405
115,14114  - 14114  PINE LANE ,Los Angeles,CA,91405
116,15511  - 15511  SHERMAN WAY ,Los Angeles,CA,91406
117,6970  - 6970  DE CELIS PL ,Los Angeles,CA,91406
118,7306  - 7306  BALBOA BLVD ,Los Angeles,CA,91406
119,7304  - 7304  BALBOA BLVD ,Los Angeles,CA,91406
120,7304  - 7304  BALBOA BLVD ,Los Angeles,CA,91406
121,7304  - 7304  BALBOA BLVD ,Los Angeles,CA,91406
122,14055  - 14055  ARCHWOOD ST ,Los Angeles,CA,91405
123,6222  - 6222  KESTER AVE ,Los Angeles,CA,91411
124,6222  - 6222  KESTER AVE ,Los Angeles,CA,91411
125,14402  - 14402  CALIFA ST ,Los Angeles,CA,91401
126,13935  - 13935  BURBANK BLVD ,Los Angeles,CA,91401
127,5656  - 5656  HAZELTINE AVE ,Los Angeles,CA,91401
128,4859  - 4859  KATHERINE AVE ,Los Angeles,CA,91423
129,14625  - 14625  MAGNOLIA BLVD ,Los Angeles,CA,91403
130,15237  - 15237  WEDDINGTON ST ,Los Angeles,CA,91411
131,15237  - 15237  WEDDINGTON ST ,Los Angeles,CA,91411
132,15165  - 15165  MAGNOLIA BLVD ,Los Angeles,CA,91403
133,5533  - 5533  EDWARD E HORTON LANE ,Los Angeles,CA,91316
134,5533  - 5533  EDWARD E HORTON LANE ,Los Angeles,CA,91316
135,5533  - 5533  EDWARD E HORTON LANE ,Los Angeles,CA,91316
136,17528  - 17528  JAYDEN LANE ,Los Angeles,CA,91316
137,16540  - 16540  MOORPARK ST ,Los Angeles,CA,91436
138,16524  - 16524  MOORPARK ST ,Los Angeles,CA,91436
139,16022  - 16022  MOORPARK ST ,Los Angeles,CA,91436
140,5115  - 5115  KESTER AVE ,Los Angeles,CA,91403
141,5115  - 5115  KESTER AVE ,Los Angeles,CA,91403
142,5115  - 5115  KESTER AVE ,Los Angeles,CA,91403
143,15012  - 15012  MOORPARK ST ,Los Angeles,CA,91403
144,15012  - 15012  MOORPARK ST ,Los Angeles,CA,91403
145,4707  - 4707  CEDROS AVE ,Los Angeles,CA,91403
146,14290  - 14290  DICKENS ST ,Los Angeles,CA,91423
147,14290  - 14290  DICKENS ST ,Los Angeles,CA,91423
148,4242  - 4242  STANSBURY AVE ,Los Angeles,CA,91423
149,13923  - 13923  RIVERSIDE DR ,Los Angeles,CA,91423
150,3970  - 3970  MURIETTA AVE ,Los Angeles,CA,91423
151,15234  - 15234  DICKENS ST ,Los Angeles,CA,91403
152,4557  - 4557  HASKELL AVE ,Los Angeles,CA,91436
153,17328  - 17328  RANCHO ST ,Los Angeles,CA,91316
154,4600  - 4600  ENCINO AVE ,Los Angeles,CA,91316
155,7736  - 7738  NAGLE AVE ,Los Angeles,CA,91605
156,7826  - 7826  LAUREL CANYON BLVD ,Los Angeles,CA,91605
157,11051  - 11051  ARMINTA ST ,Los Angeles,CA,91352
158,13113  - 13113  VICTORY BLVD ,Los Angeles,CA,91401
159,13109  - 13109  VICTORY BLVD ,Los Angeles,CA,91401
160,13107  - 13107  VICTORY BLVD ,Los Angeles,CA,91401
161,13105  - 13105  VICTORY BLVD ,Los Angeles,CA,91401
162,13103  - 13103  VICTORY BLVD ,Los Angeles,CA,91401
163,13565  - 13565  VALERIO ST ,Los Angeles,CA,91405
164,13607  - 13607  VALERIO ST ,Los Angeles,CA,91405
165,13563  - 13563  VALERIO ST ,Los Angeles,CA,91405
166,13563  - 13563  VALERIO ST ,Los Angeles,CA,91405
167,13565  - 13565  VALERIO ST ,Los Angeles,CA,91405
168,6301  - 6301  COLDWATER CANYON AVE ,Los Angeles,CA,91606
169,NA  - NA    ,Los Angeles,CA,NA
170,6301  - 6301  COLDWATER CANYON AVE ,Los Angeles,CA,91606
171,6227  - 6227  MORSE AVE ,Los Angeles,CA,91606
172,6227  - 6227  MORSE AVE ,Los Angeles,CA,91606
173,6227  - 6227  MORSE AVE ,Los Angeles,CA,91606
174,6227  - 6227  MORSE AVE ,Los Angeles,CA,91606
175,6227  - 6227  MORSE AVE ,Los Angeles,CA,91606
176,5816  - 5816  WHITSETT AVE ,Los Angeles,CA,91607
177,5500  - 5500  KLUMP AVE ,Los Angeles,CA,91601
178,5500  - 5500  KLUMP AVE ,Los Angeles,CA,91601
179,5101  - 5101  LANKERSHIM BLVD ,Los Angeles,CA,91601
180,5004  - 5004  BAKMAN AVE ,Los Angeles,CA,91601
181,11262  - 11262  LA MAIDA ST ,Los Angeles,CA,91601
182,11262  - 11262  LA MAIDA ST ,Los Angeles,CA,91601
183,4769  - 4771  ELMER AVE ,Los Angeles,CA,91602
184,4757  - 4761  ELMER AVE ,Los Angeles,CA,91602
185,4763  - 4767  ELMER AVE ,Los Angeles,CA,91602
186,4950  - 4950  LAUREL CANYON BLVD ,Los Angeles,CA,91607
187,4806  - 4806  BEN AVE ,Los Angeles,CA,91607
188,4810  - 4810  BEN AVE ,Los Angeles,CA,91607
189,4814  - 4814  BEN AVE ,Los Angeles,CA,91607
190,11953  - 11953  RIVERSIDE DR ,Los Angeles,CA,91607
191,11941  - 11941  RIVERSIDE DR ,Los Angeles,CA,91607
192,4807  - 4807  GENTRY AVE ,Los Angeles,CA,91607
193,11947  - 11947  RIVERSIDE DR ,Los Angeles,CA,91607
194,4805  - 4805  GENTRY AVE ,Los Angeles,CA,91607
195,11939  - 11939  RIVERSIDE DR ,Los Angeles,CA,91607
196,4812  - 4812  BEN AVE ,Los Angeles,CA,91607
197,4809  - 4809  GENTRY AVE ,Los Angeles,CA,91607
198,4803  - 4803  GENTRY AVE ,Los Angeles,CA,91607
199,4811  - 4811  GENTRY AVE ,Los Angeles,CA,91607
200,4808  - 4808  BEN AVE ,Los Angeles,CA,91607
201,11941  - 11955  KLING ST ,Los Angeles,CA,91607
202,11808  - 11808  RIVERSIDE DR ,Los Angeles,CA,91607
203,4407  - 4407  MORSE AVE ,Los Angeles,CA,91604
204,4660  - 4660  COLDWATER CANYON AVE ,Los Angeles,CA,91604
205,4435  - 4435  COLFAX AVE ,Los Angeles,CA,91607
206,11580  - 11580  LEMP CT ,Los Angeles,CA,91602
207,11571  - 11571  LEMP CT ,Los Angeles,CA,91602
208,11574  - 11574  LEMP CT ,Los Angeles,CA,91602
209,11575  - 11575  LEMP CT ,Los Angeles,CA,91602
210,11581  - 11581  LEMP CT ,Los Angeles,CA,91602
211,11577  - 11577  LEMP CT ,Los Angeles,CA,91602
212,11576  - 11576  LEMP CT ,Los Angeles,CA,91602
213,11570  - 11570  LEMP CT ,Los Angeles,CA,91602
214,11150  - 11150  AQUA VISTA ST ,Los Angeles,CA,91602
215,11150  - 11150  AQUA VISTA ST ,Los Angeles,CA,91602
216,12348  - 12358  MOORPARK ST ,Los Angeles,CA,91604
217,12348  - 12358  MOORPARK ST ,Los Angeles,CA,91604
218,4240  - 4240  LAUREL CANYON BLVD ,Los Angeles,CA,91604
219,4240  - 4240  LAUREL CANYON BLVD ,Los Angeles,CA,91604
220,4240  - 4240  LAUREL CANYON BLVD ,Los Angeles,CA,91604
221,3947  - 3947  CARPENTER AVE ,Los Angeles,CA,91604
222,3947  - 3947  CARPENTER AVE ,Los Angeles,CA,91604
223,3947  - 3947  CARPENTER AVE ,Los Angeles,CA,91604
224,3947  - 3947  CARPENTER AVE ,Los Angeles,CA,91604
225,11912  - 11912  LAURELWOOD DR ,Los Angeles,CA,91604
226,11912  - 11912  LAURELWOOD DR ,Los Angeles,CA,91604
227,11912  - 11912  LAURELWOOD DR ,Los Angeles,CA,91604
228,13112  - 13112  MOORPARK ST ,Los Angeles,CA,91423
229,4335  - 4335  BLOOMFIELD LANE ,Los Angeles,CA,91604
230,4323  - 4323  BLOOMFIELD LANE ,Los Angeles,CA,91604
231,4325  - 4325  BLOOMFIELD LANE ,Los Angeles,CA,91604
232,4327  - 4327  BLOOMFIELD LANE ,Los Angeles,CA,91604
233,4329  - 4329  BLOOMFIELD LANE ,Los Angeles,CA,91604
234,4223  - 4223  BLOOMFIELD LANE ,Los Angeles,CA,91604
235,4214  - 4214  FULTON AVE ,Los Angeles,CA,91604
236,3501  - 3501  LAURELVALE DR ,Los Angeles,CA,91604
237,11951  - 11951  PINNACLE PL ,Los Angeles,CA,90210
238,11951  - 11951  PINNACLE PL ,Los Angeles,CA,90210
239,4947  - 4947  CAHUENGA BLVD ,Los Angeles,CA,91601
240,4943  - 4943  CAHUENGA BLVD ,Los Angeles,CA,91601
241,10843  - 10843  HUSTON ST ,Los Angeles,CA,91601
242,10843  - 10843  HUSTON ST ,Los Angeles,CA,91601
243,4840  - 4840  CLEON AVE ,Los Angeles,CA,91601
244,10925  - 10925  BLIX ST ,Los Angeles,CA,91602
245,10925  - 10925  BLIX ST ,Los Angeles,CA,91602
246,10845  - 10845  BLIX ST ,Los Angeles,CA,91602
247,4400  - 4400  CARTWRIGHT AVE ,Los Angeles,CA,91602
248,10470  - 10470  RIVERSIDE DR ,Los Angeles,CA,91602
249,3093  - 3093  ELLINGTON DR ,Los Angeles,CA,90068
250,15151  - 15151  FOOTHILL BLVD ,Los Angeles,CA,91342
251,14293  - 14293  FOOTHILL BLVD ,Los Angeles,CA,91342
252,14167  - 14169  ORO GRANDE ST ,Los Angeles,CA,91342
253,14035  - 14035  ASTORIA ST ,Los Angeles,CA,91342
254,14035  - 14035  ASTORIA ST ,Los Angeles,CA,91342
255,13179 1/2 - 13179 1/2 BROMONT AVE ,Los Angeles,CA,91342
256,13387  - 13387  ELSIE LN ,Los Angeles,CA,91342
257,13383  - 13383  ELSIE LN ,Los Angeles,CA,91342
258,13225  - 13225  SHAW LANE ,Los Angeles,CA,91342
259,13215  - 13215  SHAW LANE ,Los Angeles,CA,91342
260,13224  - 13224  SHAW LANE ,Los Angeles,CA,91342
261,13214  - 13214  SHAW LANE ,Los Angeles,CA,91342
262,13186  - 13186  BRAND BLVD ,Los Angeles,CA,91340
263,13186  - 13186  BRAND BLVD ,Los Angeles,CA,91340
264,13571  - 13571  VAUGHN ST ,Los Angeles,CA,91340
265,11761  - 11761  REMINGTON ST ,Los Angeles,CA,91342
266,11150  - 11150  GLENOAKS BLVD ,Los Angeles,CA,91331
267,12411  - 12411  OSBORNE ST ,Los Angeles,CA,91331
268,115  - 115  CRESCENT HEIGHTS BLVD ,Los Angeles,CA,90048
269,8816  - 8816  WYNGATE ST ,Los Angeles,CA,91040
270,8338  - 8338  STANDARD PL ,Los Angeles,CA,91040
271,6832  - 6836 1/2 ST ESTABAN ST ,Los Angeles,CA,91042
272,6820  - 6824 1/2 ST ESTABAN ST ,Los Angeles,CA,91042
273,6826  - 6830 1/2 ST ESTABAN ST ,Los Angeles,CA,91042
274,6814  - 6818 1/2 ST ESTABAN ST ,Los Angeles,CA,91042
275,6300  - 6300  HONOLULU AVE ,Los Angeles,CA,91214
276,12125  - 12125  VIA SANTA BARBARA  ,Los Angeles,CA,91342
277,18180  - 18180  KNOLL HILL  ,Los Angeles,CA,91344
278,13834  - 13834  BALBOA BLVD ,Los Angeles,CA,91342
279,8554  - 8554  BURNET AVE ,Los Angeles,CA,91343
280,14859  - 14859  NAVARRE WAY ,Los Angeles,CA,91342
281,14861  - 14861  NAVARRE WAY ,Los Angeles,CA,91342
282,14865  - 14865  NAVARRE WAY ,Los Angeles,CA,91342
283,12344  - 12344  VILLAR WAY ,Los Angeles,CA,91342
284,12350  - 12350  VILLAR WAY ,Los Angeles,CA,91342
285,14851  - 14851  NAVARRE WAY ,Los Angeles,CA,91342
286,14857  - 14857  NAVARRE WAY ,Los Angeles,CA,91342
287,12349  - 12349  ARAGON WAY ,Los Angeles,CA,91342
288,14837  - 14837  CASTILLE WAY ,Los Angeles,CA,91342
289,12347  - 12347  ARAGON WAY ,Los Angeles,CA,91342
290,12345  - 12345  ARAGON WAY ,Los Angeles,CA,91342
291,12346  - 12346  VILLAR WAY ,Los Angeles,CA,91342
292,12348  - 12348  VILLAR WAY ,Los Angeles,CA,91342
293,14853  - 14853  NAVARRE WAY ,Los Angeles,CA,91342
294,14855  - 14855  NAVARRE WAY ,Los Angeles,CA,91342
295,14863  - 14863  NAVARRE WAY ,Los Angeles,CA,91342
296,14527  - 14527  PLUMMER ST ,Los Angeles,CA,91402
297,14527  - 14527  PLUMMER ST ,Los Angeles,CA,91402
298,14315  - 14315  JOY ST ,Los Angeles,CA,90042
299,14317  - 14317  JOY DR ,Los Angeles,CA,91331
300,14319  - 14319  JOY DR ,Los Angeles,CA,91331
301,14321  - 14321  JOY DR ,Los Angeles,CA,91331
302,14323  - 14323  JOY DR ,Los Angeles,CA,91331
303,14325  - 14325  JOY DR ,Los Angeles,CA,91331
304,14327  - 14327  JOY DR ,Los Angeles,CA,91331
305,14329  - 14329  JOY DR ,Los Angeles,CA,91331
306,14331  - 14331  JOY DR ,Los Angeles,CA,91331
307,14333  - 14333  JOY DR ,Los Angeles,CA,91331
308,14335  - 14335  JOY DR ,Los Angeles,CA,91331
309,14337  - 14337  JOY DR ,Los Angeles,CA,91331
310,10011  - 10011  BARTEE AVE ,Los Angeles,CA,91331
311,15046  - 15046  PROVIDENCE LANE ,Los Angeles,CA,91343
312,15057  - 15057  BEDFORD LANE ,Los Angeles,CA,91343
313,15034  - 15034  ROMERO PL ,Los Angeles,CA,91343
314,15050  - 15050  PROVIDENCE LANE ,Los Angeles,CA,91343
315,15012  - 15012  ANAYA DR ,Los Angeles,CA,91343
316,9241  - 9241  LAMIA CT ,Los Angeles,CA,91343
317,15010  - 15010  ANAYA DR ,Los Angeles,CA,91343
318,15014  - 15014  ANAYA DR ,Los Angeles,CA,91343
319,9238  - 9238  LAMIA CT ,Los Angeles,CA,91343
320,9237  - 9237  LAMIA CT ,Los Angeles,CA,91343
321,9239  - 9239  LAMIA CT ,Los Angeles,CA,91343
322,9242  - 9242  LAMIA CT ,Los Angeles,CA,91343
323,9236  - 9236  LAMIA CT ,Los Angeles,CA,91343
324,15000  - 15000  ANAYA DR ,Los Angeles,CA,91343
325,9240  - 9240  LAMIA CT ,Los Angeles,CA,91343
326,15002  - 15002  ANAYA DR ,Los Angeles,CA,91343
327,15008  - 15008  ANAYA DR ,Los Angeles,CA,91343
328,9243  - 9243  LAMIA CT ,Los Angeles,CA,91343
329,9146  - 9146  LEMONA AVE ,Los Angeles,CA,91343
330,14847  - 14847  MAPLE TERR ,Los Angeles,CA,91402
331,14849  - 14849  MAPLE TERR ,Los Angeles,CA,91402
332,14849  - 14849  LILAC RD ,Los Angeles,CA,91402
333,14849  - 14849  LILAC RD ,Los Angeles,CA,91402
334,14849  - 14849  LILAC RD ,Los Angeles,CA,91402
335,14847  - 14847  LILAC RD ,Los Angeles,CA,91402
336,15301  - 15301  LANARK ST ,Los Angeles,CA,91406
337,8601  - 8601  BURNET AVE ,Los Angeles,CA,91343
338,8601  - 8601  BURNET AVE ,Los Angeles,CA,91343
339,8601  - 8601  BURNET AVE ,Los Angeles,CA,91343
340,8601  - 8601  BURNET AVE ,Los Angeles,CA,91343
341,8601  - 8601  BURNET AVE ,Los Angeles,CA,91343
342,8601  - 8601  BURNET AVE ,Los Angeles,CA,91343
343,8601  - 8601  BURNET AVE ,Los Angeles,CA,91343
344,15102  - 15102  BEDFORD LANE ,Los Angeles,CA,91343
345,16330  - 16330  BENJAMIN CT ,Los Angeles,CA,91344
346,11030  - 11030  BENJAMIN LANE ,Los Angeles,CA,91344
347,11018  - 11018  BENJAMIN LANE ,Los Angeles,CA,91344
348,16310  - 16310  BENJAMIN CT ,Los Angeles,CA,91344
349,11022  - 11022  BENJAMIN LANE ,Los Angeles,CA,91344
350,11026  - 11026  BENJAMIN LANE ,Los Angeles,CA,91344
351,16322  - 16322  BENJAMIN CT ,Los Angeles,CA,91344
352,16326  - 16326  BENJAMIN CT ,Los Angeles,CA,91344
353,16318  - 16318  BENJAMIN CT ,Los Angeles,CA,91344
354,16314  - 16314  BENJAMIN CT ,Los Angeles,CA,91344
355,17151  - 17151  ROSCOE BLVD ,Los Angeles,CA,91325
356,20725  - 20725  SESNON BLVD ,Los Angeles,CA,91326
357,20725  - 20725  SESNON BLVD ,Los Angeles,CA,91326
358,20725  - 20725  SESNON BLVD ,Los Angeles,CA,91326
359,20700  - 20700  WALNUT CIR ,Los Angeles,CA,91326
360,20708  - 20708  WALNUT CIR ,Los Angeles,CA,91326
361,20725  - 20725  SESNON BLVD ,Los Angeles,CA,91326
362,20704  - 20704  WALNUT CIR ,Los Angeles,CA,91326
363,11945  - 11945  MIRABEL WAY ,Los Angeles,CA,91326
364,11939  - 11939  MIRABEL WAY ,Los Angeles,CA,91326
365,11951  - 11951  MIRABEL WAY ,Los Angeles,CA,91326
366,11941  - 11941  MIRABEL WAY ,Los Angeles,CA,91326
367,12039  - 12039  RICASOLI WAY ,Los Angeles,CA,91326
368,12039  - 12039  RICASOLI WAY ,Los Angeles,CA,91326
369,12035  - 12035  RICASOLI WAY ,Los Angeles,CA,91326
370,12039  - 12039  RICASOLI WAY ,Los Angeles,CA,91326
371,12031  - 12031  RICASOLI WAY ,Los Angeles,CA,91326
372,20245  - 20245  JUBILEE WAY ,Los Angeles,CA,91326
373,20278  - 20278  JUBILEE WAY ,Los Angeles,CA,91326
374,20262  - 20262  SORRENTO LANE ,Los Angeles,CA,91326
375,20425  - 20425  SORRENTO LANE ,Los Angeles,CA,91326
376,20443  - 20443  AURORA ST ,Los Angeles,CA,90012
377,20443  - 20443  AURORA ST ,Los Angeles,CA,90012
378,11504  - 11504  GHIBERTI WAY ,Los Angeles,CA,91326
379,11229  - 11235  PASEO DORADO  ,Los Angeles,CA,91326
380,20305  - 20305  AVENIDA ALEGRE  ,Los Angeles,CA,91326
381,11928  - 11928  RICASOLI WAY ,Los Angeles,CA,91326
382,11945  - 11945  RICASOLI WAY ,Los Angeles,CA,91326
383,11933  - 11933  RICASOLI WAY ,Los Angeles,CA,91326
384,11937  - 11937  RICASOLI WAY ,Los Angeles,CA,91326
385,11929  - 11929  RICASOLI WAY ,Los Angeles,CA,91326
386,11932  - 11932  RICASOLI WAY ,Los Angeles,CA,91326
387,11925  - 11925  RICASOLI WAY ,Los Angeles,CA,91326
388,11963  - 11963  RICASOLI WAY ,Los Angeles,CA,91326
389,11941  - 11941  RICASOLI WAY ,Los Angeles,CA,91326
390,11925  - 11925  RICASOLI WAY ,Los Angeles,CA,91326
391,11936  - 11936  RICASOLI WAY ,Los Angeles,CA,91326
392,10861  - 10861  SWEETWATER CT ,Los Angeles,CA,91311
393,10854  - 10854  SWEETWATER CT ,Los Angeles,CA,91311
394,10900  - 10900  SWEETWATER CT ,Los Angeles,CA,91311
395,10900  - 10900  SWEETWATER CT ,Los Angeles,CA,91311
396,10860  - 10860  SWEETWATER CT ,Los Angeles,CA,91311
397,10901  - 10901  SWEETWATER CT ,Los Angeles,CA,91311
398,10849  - 10849  SWEETWATER CT ,Los Angeles,CA,91311
399,10848  - 10848  SWEETWATER CT ,Los Angeles,CA,91311
400,22046  - 22046  CALLE MILAGOS  ,Los Angeles,CA,91311
401,10859  - 10859  BEE CANYON  ,Los Angeles,CA,91311
402,22011  - 22011  TULSA ST ,Los Angeles,CA,91311
403,22010  - 22010  CALLE MILAGROS  ,Los Angeles,CA,91311
404,10883  - 10883  BEE CANYON  ,Los Angeles,CA,91311
405,10871  - 10871  BEE CANYON  ,Los Angeles,CA,91311
406,10877  - 10877  BEE CANYON  ,Los Angeles,CA,91311
407,22046  - 22046  CALLE MILAGROS  ,Los Angeles,CA,91311
408,22015  - 22015  TULSA ST ,Los Angeles,CA,91311
409,10851  - 10851  BEE CANYON  ,Los Angeles,CA,91311
410,22046  - 22046  CALLE MILAGROS  ,Los Angeles,CA,91311
411,10871  - 10871  BEE CANYON  ,Los Angeles,CA,91311
412,22034  - 22034  CALLE MILAGROS  ,Los Angeles,CA,91311
413,10859  - 10859  BEE CANYON  ,Los Angeles,CA,91311
414,10868  - 10868  BEE CANYON  ,Los Angeles,CA,91311
415,22005  - 22005  TULSA ST ,Los Angeles,CA,91311
416,22011  - 22011  TULSA ST ,Los Angeles,CA,91311
417,22351  - 22351  JAMES ALAN CIR ,Los Angeles,CA,91311
418,22347  - 22347  JAMES ALAN CIR ,Los Angeles,CA,91311
419,22347  - 22347  JAMES ALAN CIR ,Los Angeles,CA,91311
420,10531  - 10531  LARWIN AVE ,Los Angeles,CA,91311
421,10501  - 10501  LARWIN AVE ,Los Angeles,CA,91311
422,10501  - 10501  LARWIN AVE ,Los Angeles,CA,91311
423,10501  - 10501  LARWIN AVE ,Los Angeles,CA,91311
424,22300  - 22300  JAMES ALAN CIR ,Los Angeles,CA,91311
425,22216  - 22216  JAMES ALAN CIR ,Los Angeles,CA,91311
426,22300  - 22300  GERMAIN ST ,Los Angeles,CA,91311
427,11230  - 11230  SIERRA PASS PL ,Los Angeles,CA,91311
428,9140  - 9140  BALLARD DR ,Los Angeles,CA,91311
429,9134  - 9134  FOSTER LANE ,Los Angeles,CA,91311
430,9117  - 9117  FOSTER LANE ,Los Angeles,CA,91311
431,21934  - 21934  WALTERS DR ,Los Angeles,CA,91311
432,9121  - 9121  FOSTER LANE ,Los Angeles,CA,91311
433,9153  - 9153  FOSTER LANE ,Los Angeles,CA,91311
434,9128  - 9128  FOSTER LANE ,Los Angeles,CA,91311
435,9139  - 9139  BALLARD DR ,Los Angeles,CA,91311
436,9119  - 9119  FOSTER LANE ,Los Angeles,CA,91311
437,9114  - 9114  FOSTER LANE ,Los Angeles,CA,91311
438,9112  - 9112  FOSTER LANE ,Los Angeles,CA,91311
439,21934  - 21934  WALTERS DR ,Los Angeles,CA,91311
440,21936  - 21936  WALTERS DR ,Los Angeles,CA,91311
441,21936  - 21936  WALTERS DR ,Los Angeles,CA,91311
442,9123  - 9123  FOSTER LANE ,Los Angeles,CA,91311
443,9136  - 9136  BALLARD DR ,Los Angeles,CA,91311
444,9138  - 9138  BALLARD DR ,Los Angeles,CA,91311
445,9149  - 9149  FOSTER LANE ,Los Angeles,CA,91311
446,9135  - 9135  FOSTER LANE ,Los Angeles,CA,91311
447,9110  - 9110  FOSTER LANE ,Los Angeles,CA,91311
448,9116  - 9116  FOSTER LANE ,Los Angeles,CA,91311
449,9136  - 9136  FOSTER LANE ,Los Angeles,CA,91311
450,9155  - 9155  FOSTER LANE ,Los Angeles,CA,91311
451,9133  - 9133  BALLARD DR ,Los Angeles,CA,91311
452,22037  - 22037  WOLL DR ,Los Angeles,CA,91311
453,9135  - 9135  BALLARD DR ,Los Angeles,CA,91311
454,22035  - 22035  WOLL DR ,Los Angeles,CA,91311
455,22032  - 22032  WOLL DR ,Los Angeles,CA,91311
456,22030  - 22030  WOLL DR ,Los Angeles,CA,91311
457,9137  - 9137  BALLARD DR ,Los Angeles,CA,91311
458,9151  - 9151  FOSTER LANE ,Los Angeles,CA,91311
459,18169  - 18169  ANDREA CIR NORT,Los Angeles,CA,91325
460,18231  - 18231  ANDREA CIR NORT,Los Angeles,CA,91325
461,18231  - 18231  ANDREA CIR NORT,Los Angeles,CA,91325
462,10224  - 10224  ZELZAH AVE ,Los Angeles,CA,91325
463,10224  - 10224  ZELZAH AVE ,Los Angeles,CA,91325
464,10230  - 10230  ZELZAH AVE ,Los Angeles,CA,91325
465,19537  - 19539  EMPIRE LANE ,Los Angeles,CA,91324
466,19530  - 19530  PEARL LN ,Los Angeles,CA,91324
467,19545  - 19549  EMPIRE LANE ,Los Angeles,CA,91324
468,19545  - 19549  EMPIRE LANE ,Los Angeles,CA,91324
469,19530  - 19530  PRAIRIE ST ,Los Angeles,CA,91324
470,19530  - 19530  PRAIRIE ST ,Los Angeles,CA,91324
471,17570  - 17570  DEARBORN ST ,Los Angeles,CA,91325
472,8628  - 8628  KINSLEY CT ,Los Angeles,CA,91306
473,20034  - 20034  AZALEA CT ,Los Angeles,CA,91306
474,20058  - 20058  DAMPA LANE ,Los Angeles,CA,91306
475,20030  - 20030  AZALEA CT ,Los Angeles,CA,91306
476,20022  - 20022  AZALEA CT ,Los Angeles,CA,91306
477,8628  - 8628  WINNETKA AVE ,Los Angeles,CA,91306
478,20046  - 20046  DAMPA LANE ,Los Angeles,CA,91306
479,20057  - 20057  WEEKS WAY ,Los Angeles,CA,91364
480,8620  - 8620  WINNETKA AVE ,Los Angeles,CA,91306
481,20058  - 20058  WEEKS WAY ,Los Angeles,CA,91364
482,8624  - 8624  KINSLEY CT ,Los Angeles,CA,91306
483,20026  - 20026  AZALEA CT ,Los Angeles,CA,91306
484,8626  - 8626  ADRIAN AVE ,Los Angeles,CA,91306
485,8620  - 8620  KINSLEY CT ,Los Angeles,CA,91306
486,8619  - 8619  ADRIAN AVE ,Los Angeles,CA,91306
487,8615  - 8615  LEILANI AVE ,Los Angeles,CA,91306
488,8616  - 8616  KINSLEY CT ,Los Angeles,CA,91306
489,8618  - 8618  ADRIAN AVE ,Los Angeles,CA,91306
490,8619  - 8619  LEILANI AVE ,Los Angeles,CA,91306
491,20022  - 20022  AZALEA CT ,Los Angeles,CA,91306
492,20030  - 20030  AZALEA CT ,Los Angeles,CA,91306
493,8615  - 8615  LEILANI AVE ,Los Angeles,CA,91306
494,20026  - 20026  AZALEA CT ,Los Angeles,CA,91306
495,20034  - 20034  AZALEA CT ,Los Angeles,CA,91306
496,8619  - 8619  LEILANI AVE ,Los Angeles,CA,91306
497,7100  - 7100  ALVERN ST ,Los Angeles,CA,90045
498,7100  - 7100  LA TIJERA BLVD ,Los Angeles,CA,90045
499,7105  - 7105 1/2 LA CIENEGA BLVD ,Los Angeles,CA,90045
500,8310  - 8310  ALTAVAN AVE ,Los Angeles,CA,90045
501,8001  - 8001  REDLANDS ST ,Los Angeles,CA,90293
502,8163  - 8163  REDLANDS ST ,Los Angeles,CA,90293
503,8163  - 8163  REDLANDS ST ,Los Angeles,CA,90293
504,8740  - 8740  TUSCANY AVE ,Los Angeles,CA,90293
505,8711  - 8711  FALMOUTH AVE ,Los Angeles,CA,90293
506,8707  - 8707  FALMOUTH AVE ,Los Angeles,CA,90293
507,8707  - 8707  FALMOUTH AVE ,Los Angeles,CA,90293
508,8707  - 8707  FALMOUTH AVE ,Los Angeles,CA,90293
509,8168  - 8168  MANITOBA ST ,Los Angeles,CA,90293
510,8170  - 8170  MANITOBA ST ,Los Angeles,CA,90293
511,8176  - 8176  MANITOBA ST ,Los Angeles,CA,90293
512,8174  - 8174  MANITOBA ST ,Los Angeles,CA,90293
513,8172  - 8172  MANITOBA ST ,Los Angeles,CA,90293
514,8828  - 8828  PERSHING DR ,Los Angeles,CA,90293
515,8128  - 8128  MANITOBA ST ,Los Angeles,CA,90293
516,8128  - 8128  MANITOBA ST ,Los Angeles,CA,90293
517,8601  - 8601  FALMOUTH AVE ,Los Angeles,CA,90293
518,8650  - 8650  GULANA AVE ,Los Angeles,CA,90293
519,5851  - 5865 1/2 88TH ST ,Los Angeles,CA,90045
520,8715  - 8715  RAMSGATE AVE ,Los Angeles,CA,90045
521,5350  - 5350  PLAYA VISTA DR ,Los Angeles,CA,90094
522,13075  - 13075  SOUTH ICON CIR ,Los Angeles,CA,90094
523,13077  - 13077  KIYOT WAY ,Los Angeles,CA,90094
524,13074  - 13074  KIYOT WAY ,Los Angeles,CA,90094
525,5625  - 5625  CRESCENT PARK  WEST,Los Angeles,CA,90094
526,12920  - 12920  RUNWAY ROAD ,Los Angeles,CA,90094
527,5817  - 5817  WEST SEAGLASS CIR ,Los Angeles,CA,90094
528,5801  - 5801  WEST SEAGLASS CIR ,Los Angeles,CA,90094
529,12834  - 12834  NORTH SEAGLASS CIR ,Los Angeles,CA,90094
530,12842  - 12842  NORTH SEAGLASS CIR ,Los Angeles,CA,90094
531,12842  - 12842  NORTH SEAGLASS CIR ,Los Angeles,CA,90094
532,5824  - 5824  WEST SEAGLASS CIR ,Los Angeles,CA,90094
533,5809  - 5809  WEST SEAGLASS CIR ,Los Angeles,CA,90094
534,5850  - 5850  MCCONNELL AVE ,Los Angeles,CA,90094
535,12763  - 12763  SHELL PL ,Los Angeles,CA,90094
536,12765  - 12765  BLUFF CREEK DR ,Los Angeles,CA,90094
537,5830  - 5830  MCCONNELL AVE ,Los Angeles,CA,90094
538,12785  - 12785  BLUFF CREEK DR ,Los Angeles,CA,90094
539,12771  - 12771  SHELL PL ,Los Angeles,CA,90094
540,12755  - 12755  BLUFF CREEK DR ,Los Angeles,CA,90094
541,12763  - 12763  SHELL PL ,Los Angeles,CA,90094
542,5832  - 5832  MCCONNELL AVE ,Los Angeles,CA,90094
543,5830  - 5830  MCCONNELL AVE ,Los Angeles,CA,90094
544,12775  - 12775  BLUFF CREEK DR ,Los Angeles,CA,90094
545,12735  - 12735  BLUFF CREEK DR ,Los Angeles,CA,90094
546,12725  - 12725  BLUFF CREEK DR ,Los Angeles,CA,90094
547,5837  - 5837  VILLAGE DR ,Los Angeles,CA,90094
548,5837  - 5837  VILLAGE DR ,Los Angeles,CA,90094
549,12705  - 12705  BLUFF CREEK DR ,Los Angeles,CA,90094
550,5912  - 5912  VILLAGE DR ,Los Angeles,CA,90094
551,5908  - 5908  VILLAGE DR ,Los Angeles,CA,90094
552,5906  - 5906  FIREFLY PL ,Los Angeles,CA,90094
553,5902  - 5902  FIREFLY PL ,Los Angeles,CA,90094
554,5900  - 5900  VILLAGE DR ,Los Angeles,CA,90094
555,12655  - 12655  BLUFF CREEK DR ,Los Angeles,CA,90094
556,12765  - 12765  BLUFF CREEK DR ,Los Angeles,CA,90094
557,13360  - 13360  MAXELLA AVE ,Los Angeles,CA,90292
558,13360  - 13360  MAXELLA AVE ,Los Angeles,CA,90292
559,13360  - 13360  MAXELLA AVE ,Los Angeles,CA,90292
560,13360  - 13360  MAXELLA AVE ,Los Angeles,CA,90292
561,4616  - 4616  GLENCOE AVE ,Los Angeles,CA,90292
562,4515  - 4515  ALLA ROAD ,Los Angeles,CA,90292
563,4433  - 4433  ALLA ROAD ,Los Angeles,CA,90292
564,4628  - 4628  ALLA ROAD ,Los Angeles,CA,90292
565,13040  - 13040  MINDANAO WAY ,Los Angeles,CA,90292
566,4809  - 4809  ALLA ROAD ,Los Angeles,CA,90292
567,4612  - 4612  GLENCOE AVE ,Los Angeles,CA,90292
568,13016  - 13016  MINDANAO WAY ,Los Angeles,CA,90292
569,4634  - 4634  ALLA ROAD ,Los Angeles,CA,90292
570,4527  - 4527  ALLA ROAD ,Los Angeles,CA,90292
571,4415  - 4415  ALLA ROAD ,Los Angeles,CA,90292
572,4634  - 4634  GLENCOE AVE ,Los Angeles,CA,90292
573,4608  - 4608  ALLA ROAD ,Los Angeles,CA,90292
574,4435  - 4435  ALLA ROAD ,Los Angeles,CA,90292
575,4604  - 4604  GLENCOE AVE ,Los Angeles,CA,90292
576,4549  - 4549  ALLA ROAD ,Los Angeles,CA,90292
577,4535  - 4535  ALLA ROAD ,Los Angeles,CA,90292
578,4437  - 4437  ALLA ROAD ,Los Angeles,CA,90292
579,4561  - 4561  ALLA ROAD ,Los Angeles,CA,90292
580,4507  - 4507  GLENCOE AVE ,Los Angeles,CA,90292
581,4650  - 4650  ALLA ROAD ,Los Angeles,CA,90292
582,4429  - 4429  ALLA ROAD ,Los Angeles,CA,90292
583,4622  - 4622  GLENCOE AVE ,Los Angeles,CA,90292
584,13036  - 13036  MINDANAO WAY ,Los Angeles,CA,90292
585,13010  - 13010  MINDANAO WAY ,Los Angeles,CA,90292
586,4555  - 4555  ALLA ROAD ,Los Angeles,CA,90292
587,4411  - 4411  ALLA ROAD ,Los Angeles,CA,90292
588,13022  - 13022  MINDANAO WAY ,Los Angeles,CA,90292
589,4501  - 4501  ALLA ROAD ,Los Angeles,CA,90292
590,4601  - 4601  ALLA ROAD ,Los Angeles,CA,90292
591,4640  - 4640  GLENCOE AVE ,Los Angeles,CA,90292
592,13050  - 13050  MINDANAO WAY ,Los Angeles,CA,90292
593,13044  - 13044  MINDANAO WAY ,Los Angeles,CA,90292
594,4628  - 4628  GLENCOE AVE ,Los Angeles,CA,90292
595,13000  - 13000  MINDANAO WAY ,Los Angeles,CA,90292
596,4646  - 4646  ALLA ROAD ,Los Angeles,CA,90292
597,4521  - 4521  ALLA ROAD ,Los Angeles,CA,90292
598,13242  - 13242  MINDANAO WAY ,Los Angeles,CA,90292
599,11  - 11  BUCCANEER ST ,Los Angeles,CA,90292
600,28  - 28  DRIFTWOOD ST ,Los Angeles,CA,90292
601,131  - 131  GALLEON ST ,Los Angeles,CA,90292
602,32  - 32  GALLEON ST ,Los Angeles,CA,90292
603,32  - 32  GALLEON ST ,Los Angeles,CA,90292
604,3862  - 3862  VIA DOLCE  ,Los Angeles,CA,90292
605,3772  - 3772  VIA DOLCE  ,Los Angeles,CA,90292
606,3532  - 3532  VIA DOLCE  ,Los Angeles,CA,90292
607,3552  - 3552  VIA DOLCE  ,Los Angeles,CA,90292
608,3872  - 3872  VIA DOLCE  ,Los Angeles,CA,90292
609,3852  - 3852  VIA DOLCE  ,Los Angeles,CA,90292
610,3542  - 3542  VIA DOLCE  ,Los Angeles,CA,90292
611,3562  - 3562  VIA DOLCE  ,Los Angeles,CA,90292
612,3556  - 3556  VIA DOLCE  ,Los Angeles,CA,90292
613,3516  - 3516  VIA DOLCE  ,Los Angeles,CA,90292
614,3566  - 3566  VIA DOLCE  ,Los Angeles,CA,90292
615,3536  - 3536  VIA DOLCE  ,Los Angeles,CA,90292
616,3566  - 3566  VIA DOLCE  ,Los Angeles,CA,90292
617,3762  - 3762  VIA DOLCE  ,Los Angeles,CA,90292
618,3756  - 3756  VIA DOLCE  ,Los Angeles,CA,90292
619,3766  - 3766  VIA DOLCE  ,Los Angeles,CA,90292
620,3522  - 3522  VIA DOLCE  ,Los Angeles,CA,90292
621,3512  - 3512  VIA DOLCE  ,Los Angeles,CA,90292
622,3746  - 3746  VIA DOLCE  ,Los Angeles,CA,90292
623,3876  - 3876  VIA DOLCE  ,Los Angeles,CA,90292
624,3866  - 3866  VIA DOLCE  ,Los Angeles,CA,90292
625,3602  - 3602  VIA DOLCE  ,Los Angeles,CA,90292
626,3856  - 3856  VIA DOLCE  ,Los Angeles,CA,90292
627,3502  - 3502  VIA DOLCE  ,Los Angeles,CA,90292
628,3846  - 3846  VIA DOLCE  ,Los Angeles,CA,90292
629,3526  - 3526  VIA DOLCE  ,Los Angeles,CA,90292
630,3736  - 3736  VIA DOLCE  ,Los Angeles,CA,90292
631,3752  - 3752  VIA DOLCE  ,Los Angeles,CA,90292
632,3742  - 3742  VIA DOLCE  ,Los Angeles,CA,90292
633,1712  - 1712  ABBOT KINNEY BLVD ,Los Angeles,CA,90291
634,13700  - 13700  MARINA POINTE DR ,Los Angeles,CA,90292
635,13700  - 13700  MARINA POINTE DR ,Los Angeles,CA,90292
636,4141  - 4141  GLENCOE AVE ,Los Angeles,CA,90292
637,646  - 646  FLOWER AVE ,Los Angeles,CA,90291
638,751  - 751  CALIFORNIA AVE ,Los Angeles,CA,90291
639,751  - 751  CALIFORNIA AVE ,Los Angeles,CA,90291
640,751  - 751  CALIFORNIA CT ,Los Angeles,CA,90291
641,751  - 751  CALIFORNIA CT ,Los Angeles,CA,90291
642,10760  - 10762  NATIONAL BLVD ,Los Angeles,CA,90064
643,17068  - 17070  NATIONAL BLVD ,Los Angeles,CA,90064
644,10752  - 10754  NATIONAL BLVD ,Los Angeles,CA,90064
645,10748  - 10750  NATIONAL BLVD ,Los Angeles,CA,90064
646,10742  - 10744  NATIONAL BLVD ,Los Angeles,CA,90064
647,10732  - 10736  NATIONAL BLVD ,Los Angeles,CA,90064
648,10756  - 10758  NATIONAL BLVD ,Los Angeles,CA,90064
649,10738  - 10740  NATIONAL BLVD ,Los Angeles,CA,90064
650,10764  - 10766  NATIONAL BLVD ,Los Angeles,CA,90064
651,2542  - 2542  CENTINELA AVE ,Los Angeles,CA,90064
652,2542  - 2542  CENTINELA AVE ,Los Angeles,CA,90064
653,11870  - 11870  IDAHO AVE ,Los Angeles,CA,90025
654,1616  - 1616  BROCKTON AVE ,Los Angeles,CA,90025
655,1838  - 1838  CORINTH AVE ,Los Angeles,CA,90025
656,1818  - 1818  BUTLER AVE ,Los Angeles,CA,90025
657,1717  - 1717  BARRINGTON AVE ,Los Angeles,CA,90025
658,1746  - 1746  STONER AVE ,Los Angeles,CA,90025
659,1746  - 1746  STONER AVE ,Los Angeles,CA,90025
660,1746  - 1746  STONER AVE ,Los Angeles,CA,90025
661,1746  - 1746  STONER AVE ,Los Angeles,CA,90025
662,2022  - 2022  BARRINGTON AVE ,Los Angeles,CA,90025
663,2038  - 2038  BARRINGTON AVE ,Los Angeles,CA,90025
664,1233  - 1233  AMHERST AVE ,Los Angeles,CA,90025
665,1258  - 1258  BARRY AVE ,Los Angeles,CA,90025
666,11547  - 11547  ROCHESTER AVE ,Los Angeles,CA,90025
667,11870  - 11870  ROCHESTER AVE ,Los Angeles,CA,90025
668,1540  - 1540  AMHERST AVE ,Los Angeles,CA,90025
669,1540  - 1540  AMHERST AVE ,Los Angeles,CA,90025
670,12124  - 12124  GOSHEN AVE ,Los Angeles,CA,90049
671,11759  - 11759  DOROTHY ST ,Los Angeles,CA,90049
672,11738  - 11738  MAYFIELD AVE ,Los Angeles,CA,90049
673,11812  - 11812  GORHAM AVE ,Los Angeles,CA,90049
674,11939  - 11939  GORHAM AVE ,Los Angeles,CA,90049
675,28  - 28  MAST ST ,Los Angeles,CA,90292
676,4300  - 4300  VIA DOLCE  ,Los Angeles,CA,90292
677,1450  - 1450  BEVERLY DR ,Los Angeles,CA,90035
678,3300  - 3300  ARIA LANE ,Los Angeles,CA,90034
679,3302  - 3302  ARIA LANE ,Los Angeles,CA,90034
680,3304  - 3304  ARIA LANE ,Los Angeles,CA,90034
681,3306  - 3306  ARIA LANE ,Los Angeles,CA,90034
682,3308  - 3308  ARIA LANE ,Los Angeles,CA,90034
683,3309  - 3309  ARIA LANE ,Los Angeles,CA,90034
684,3307  - 3307  ARIA LANE ,Los Angeles,CA,90034
685,3305  - 3305  ARIA LANE ,Los Angeles,CA,90034
686,3303  - 3303  ARIA LANE ,Los Angeles,CA,90034
687,3301  - 3301  ARIA LANE ,Los Angeles,CA,90034
688,3729  - 3729  CARDIFF AVE ,Los Angeles,CA,90034
689,2240  - 2240  BEVERLY GLEN BLVD ,Los Angeles,CA,90064
690,10364  - 10364  ALMAYO AVE ,Los Angeles,CA,90064
691,2340  - 2340  FOX HILLS DR ,Los Angeles,CA,90064
692,2340  - 2340  FOX HILLS DR ,Los Angeles,CA,90064
693,2340  - 2340  FOX HILLS DR ,Los Angeles,CA,90064
694,1820  - 1820  HOLMBY AVE ,Los Angeles,CA,90025
695,2015  - 2015  BEVERLY GLEN BLVD ,Los Angeles,CA,90025
696,10201  - 10201  CENTURY WOODS DR ,Los Angeles,CA,90067
697,10202  - 10202  CENTURY WOODS DR ,Los Angeles,CA,90067
698,10207  - 10207  CENTURY WOODS DR ,Los Angeles,CA,90067
699,10205  - 10205  CENTURY WOODS DR ,Los Angeles,CA,90067
700,10209  - 10209  CENTURY WOODS DR ,Los Angeles,CA,90067
701,10203  - 10203  CENTURY WOODS DR ,Los Angeles,CA,90067
702,10960  - 10960  ASHTON AVE ,Los Angeles,CA,90024
703,10960  - 10960  ASHTON AVE ,Los Angeles,CA,90024
704,1370  - 1370  KELTON AVE ,Los Angeles,CA,90024
705,1379  - 1379  MIDVALE AVE ,Los Angeles,CA,90024
706,1370  - 1370  KELTON AVE ,Los Angeles,CA,90024
707,1370  - 1370  KELTON AVE ,Los Angeles,CA,90024
708,1370  - 1370  KELTON AVE ,Los Angeles,CA,90024
709,1639  - 1639  CAMDEN AVE ,Los Angeles,CA,90025
710,10724  - 10724  WILSHIRE BLVD ,Los Angeles,CA,90024
711,10800  - 10800  HOLMAN AVE ,Los Angeles,CA,90024
712,10800  - 10800  HOLMAN AVE ,Los Angeles,CA,90024
713,10660  - 10660  WILSHIRE BLVD ,Los Angeles,CA,90024
714,10660  - 10660  WILSHIRE BLVD ,Los Angeles,CA,90024
715,10580  - 10580  WILSHIRE BLVD ,Los Angeles,CA,90024
716,10580  - 10580  WILSHIRE BLVD ,Los Angeles,CA,90024
717,1250  - 1250  MIDVALE AVE ,Los Angeles,CA,90024
718,1414  - 1414  BEVERLY GLEN BLVD ,Los Angeles,CA,90024
719,10380  - 10380  WILSHIRE BLVD ,Los Angeles,CA,90024
720,10380  - 10380  WILSHIRE BLVD ,Los Angeles,CA,90024
721,10269  - 10269  SANTA MONICA BLVD ,Los Angeles,CA,90067
722,1200  - 1200  CLUB VIEW DR ,Los Angeles,CA,90024
723,1200  - 1200  CLUB VIEW DR ,Los Angeles,CA,90024
724,1200  - 1200  CLUB VIEW DR ,Los Angeles,CA,90024
725,1200  - 1200  CLUB VIEW DR ,Los Angeles,CA,90024
726,2170  - 2170  CENTURY PARK  EAST,Los Angeles,CA,90067
727,2222  - 2222  AVENUE OF THE STARS  ,Los Angeles,CA,90067
728,2122  - 2122  CENTURY PARK LANE ,Los Angeles,CA,90067
729,2122  - 2122  CENTURY PARK LANE ,Los Angeles,CA,90067
730,2122  - 2122  CENTURY PARK LANE ,Los Angeles,CA,90067
731,2122  - 2122  CENTURY PARK LANE ,Los Angeles,CA,90067
732,2122  - 2122  CENTURY PARK LANE ,Los Angeles,CA,90067
733,2122  - 2122  CENTURY PARK LANE ,Los Angeles,CA,90067
734,2160  - 2160  CENTURY PARK  EAST,Los Angeles,CA,90067
735,1100  - 1100  CLARK DR ,Los Angeles,CA,90035
736,1100  - 1100  CLARK DR ,Los Angeles,CA,90035
737,1200  - 1200  CORNING ST ,Los Angeles,CA,90035
738,1200  - 1200  CORNING ST ,Los Angeles,CA,90034
739,828  - 828  BEDFORD ST ,Los Angeles,CA,90035
740,836  - 836  BEDFORD ST ,Los Angeles,CA,90035
741,105  - 105  DOHENY DR ,Los Angeles,CA,90048
742,100  - 100  DOHENY DR ,Los Angeles,CA,90048
743,135  - 135  SWALL DR ,Los Angeles,CA,90048
744,865  - 865  COMSTOCK AVE ,Los Angeles,CA,90024
745,10836  - 10836  LINDBROOK DR ,Los Angeles,CA,90024
746,10727  - 10727  WILSHIRE BLVD ,Los Angeles,CA,90024
747,10727  - 10727  WILSHIRE BLVD ,Los Angeles,CA,90024
748,10790  - 10790  WILSHIRE BLVD ,Los Angeles,CA,90024
749,430  - 430  KELTON AVE ,Los Angeles,CA,90024
750,430  - 430  KELTON AVE ,Los Angeles,CA,90024
751,1221  - 1221  ROSCOMARE ROAD ,Los Angeles,CA,90077
752,944  - 944  AIROLE WAY ,Los Angeles,CA,90077
753,10471  - 10471  SANDAL LANE ,Los Angeles,CA,90077
754,10471  - 10471  SANDAL LANE ,Los Angeles,CA,90077
755,10471  - 10471  SANDAL LANE ,Los Angeles,CA,90077
756,10471  - 10471  SANDAL LANE ,Los Angeles,CA,90077
757,10418  - 10418  WINDTREE DR ,Los Angeles,CA,90077
758,2790  - 2790  WOODWARDIA DR ,Los Angeles,CA,90077
759,10214  - 10214  MOSSY ROCK CIR ,Los Angeles,CA,90077
760,2450  - 2450  SUMMITRIDGE DR ,Los Angeles,CA,90210
761,2450  - 2450  SUMMITRIDGE DR ,Los Angeles,CA,90210
762,2450  - 2450  SUMMITRIDGE DR ,Los Angeles,CA,90210
763,239  - 239  BARRINGTON AVE ,Los Angeles,CA,90049
764,239  - 239  BARRINGTON AVE ,Los Angeles,CA,90049
765,273  - 273  BARRINGTON AVE ,Los Angeles,CA,90049
766,11789  - 11789  MONTANA AVE ,Los Angeles,CA,90049
767,724  - 724  WESTGATE AVE ,Los Angeles,CA,90049
768,724  - 724  WESTGATE AVE ,Los Angeles,CA,90049
769,11706  - 11706  MONTANA AVE ,Los Angeles,CA,90049
770,11601  - 11601  MONTANA AVE ,Los Angeles,CA,90049
771,860  - 860  HAVERFORD AVE ,Los Angeles,CA,90272
772,860  - 860  HAVERFORD AVE ,Los Angeles,CA,90272
773,860  - 860  HAVERFORD AVE ,Los Angeles,CA,90272
774,860  - 860  HAVERFORD AVE ,Los Angeles,CA,90272
775,860  - 860  HAVERFORD AVE ,Los Angeles,CA,90272
776,17352  - 17352  SUNSET BLVD ,Los Angeles,CA,90272
777,17352  - 17352  SUNSET BLVD ,Los Angeles,CA,90272
778,17350  - 17350  SUNSET BLVD ,Los Angeles,CA,90272
779,17352  - 17352  SUNSET BLVD ,Los Angeles,CA,90272
780,1115  - 1115  DONAIRE WAY ,Los Angeles,CA,90272
781,1115  - 1115  DONAIRE WAY ,Los Angeles,CA,90272
782,1029  - 1029  VIA DE LA PAZ  ,Los Angeles,CA,90272
783,1046  - 1046  GALLOWAY ST ,Los Angeles,CA,90272
784,1046  - 1046  GALLOWAY ST ,Los Angeles,CA,90272
785,1554  - 1570  PALISADES DR ,Los Angeles,CA,90272
786,1534  - 1552  PALISADES DR ,Los Angeles,CA,90272
787,1588  - 1624  PALISADES DR ,Los Angeles,CA,90272
788,17141  - 17185  PALISADES CIR ,Los Angeles,CA,90272
789,1516  - 1530  PALISADES DR ,Los Angeles,CA,90272
790,1572  - 1578  PALISADES DR ,Los Angeles,CA,90272
791,1580  - 1586  PALISADES DR ,Los Angeles,CA,90272
792,1774  - 1774  PALISADES DR ,Los Angeles,CA,90272
793,1780  - 1780  PALISADES DR ,Los Angeles,CA,90272
794,17083  - 17083  PALISADES CIR ,Los Angeles,CA,90272
795,1720  - 1720  PALISADES DR ,Los Angeles,CA,90272
796,1748  - 1748  PALISADES DR ,Los Angeles,CA,90272
797,2167  - 2167  RIDGE DR ,Los Angeles,CA,90049
798,2176  - 2176  RIDGE DR ,Los Angeles,CA,90049
799,2171  - 2171  RIDGE DR ,Los Angeles,CA,90049
800,2125  - 2125  RIDGE DR ,Los Angeles,CA,90049
801,12420  - 12420  RIDGE ROAD ,Los Angeles,CA,90049
802,2175  - 2175  RIDGE DR ,Los Angeles,CA,90049
803,2084  - 2084  RIDGE DR ,Los Angeles,CA,90049
804,2086  - 2086  RIDGE DR ,Los Angeles,CA,90049
805,2202  - 2202  CANYONBACK ROAD ,Los Angeles,CA,90049
806,5456 1/2 - 5456 1/2 VILLAGE GREEN  ,Los Angeles,CA,0
807,5456 1/2 - 5456 1/2 VILLAGE GREEN  ,Los Angeles,CA,NA
808,5446  - 5446  VILLAGE GRN ,Los Angeles,CA,90016
809,5331  - 5331  VILLAGE GRN ,Los Angeles,CA,90016
810,4763  - 4763  DON RICARDO DR ,Los Angeles,CA,90008
811,4763  - 4763  DON RICARDO DR ,Los Angeles,CA,90008
812,4763  - 4763  DON RICARDO DR ,Los Angeles,CA,90008
813,4769  - 4769  DON RICARDO DR ,Los Angeles,CA,90008
814,3856  - 3856  NORMANDIE AVE ,Los Angeles,CA,90037
815,3856  - 3856  NORMANDIE AVE ,Los Angeles,CA,90037
816,3856  - 3856  NORMANDIE AVE ,Los Angeles,CA,90037
817,3856  - 3856  NORMANDIE AVE ,Los Angeles,CA,90037
818,5947  - 5947  SPELTHORNE LANE ,Los Angeles,CA,90034
819,5920  - 5920  SAWYER ST ,Los Angeles,CA,90035
820,5943  - 5943  SPELTHORNE LANE ,Los Angeles,CA,90034
821,5953  - 5953  SPELTHORNE LANE ,Los Angeles,CA,90034
822,5947  - 5947  SPELTHORNE LANE ,Los Angeles,CA,90034
823,5953  - 5953  SPELTHORNE LANE ,Los Angeles,CA,90034
824,5943  - 5943  SPELTHORNE LANE ,Los Angeles,CA,90034
825,5939  - 5939  LUNA PARK  ,Los Angeles,CA,90035
826,5938  - 5938  LUNA PARK  ,Los Angeles,CA,90035
827,5934  - 5934  LUNA PARK  ,Los Angeles,CA,90035
828,5937  - 5937  LUNA PARK  ,Los Angeles,CA,90035
829,5933  - 5933  LUNA PARK  ,Los Angeles,CA,90035
830,5931  - 5931  LUNA PARK  ,Los Angeles,CA,90035
831,5932  - 5932  LUNA PARK  ,Los Angeles,CA,90035
832,5935  - 5935  LUNA PARK  ,Los Angeles,CA,90035
833,5930  - 5930  LUNA PARK  ,Los Angeles,CA,90035
834,5936  - 5936  LUNA PARK  ,Los Angeles,CA,90035
835,5917  - 5917  SATURN ST ,Los Angeles,CA,90035
836,5905  - 5905  SATURN ST ,Los Angeles,CA,90035
837,5911  - 5911  SATURN ST ,Los Angeles,CA,90035
838,5909  - 5909  SATURN ST ,Los Angeles,CA,90035
839,5919  - 5919  SATURN ST ,Los Angeles,CA,90035
840,5913  - 5913  SATURN ST ,Los Angeles,CA,90035
841,5915  - 5915  SATURN ST ,Los Angeles,CA,90035
842,436  - 436  VIRGIL AVE ,Los Angeles,CA,90020
843,436  - 436  VIRGIL AVE ,Los Angeles,CA,90020
844,442  - 442  VIRGIL AVE ,Los Angeles,CA,90020
845,442  - 442  VIRGIL AVE ,Los Angeles,CA,90020
846,442  - 442  VIRGIL AVE ,Los Angeles,CA,90020
847,2857  - 2857  JAMES M. WOOD BLVD ,Los Angeles,CA,90006
848,1101  - 1101  HARVARD BLVD ,Los Angeles,CA,90006
849,1101  - 1101  HARVARD BLVD ,Los Angeles,CA,90006
850,108  - 108  FREMONT PL ,Los Angeles,CA,90005
851,5512  - 5514  MAIN ST ,Los Angeles,CA,90011
852,825  - 825  ADAMS BLVD ,Los Angeles,CA,90007
853,825  - 825  ADAMS BLVD ,Los Angeles,CA,90007
854,34  - 34  ST JAMES PARK ,Los Angeles,CA,90007
855,900  - 900  OLYMPIC BLVD ,Los Angeles,CA,90015
856,915  - 915  FLOWER ST ,Los Angeles,CA,90015
857,1111  - 1111  GRAND AVE ,Los Angeles,CA,90015
858,1312  - 1318  8TH ST ,Los Angeles,CA,90017
859,330  - 330  UNION AVE ,Los Angeles,CA,90026
860,330  - 330  UNION AVE ,Los Angeles,CA,90026
861,100  - 300  SANTA FE AVE ,Los Angeles,CA,90012
862,108  - 108  2ND ST ,Los Angeles,CA,90012
863,1414  - 1414  ESTEPONA CT ,Los Angeles,CA,90033
864,805  - 805  TEMPLE TER ,Los Angeles,CA,90042
865,4858  - 4858  VIA COLINA  ,Los Angeles,CA,90042
866,5505  - 5511  VIA MARISOL  ,Los Angeles,CA,90042
867,3627 1/2 - 3627 1/2 ARMOUR AVE ,Los Angeles,CA,90032
868,4129  - 4129  RAYNOL ST ,Los Angeles,CA,90032
869,4236  - 4236  GUARDIA AVE ,Los Angeles,CA,90032
870,1113  - 1113 1/2 LAVETA TER ,Los Angeles,CA,90026
871,1035  - 1035  FIGUEROA TER ,Los Angeles,CA,90012
872,1035  - 1035  FIGUEROA TER ,Los Angeles,CA,90012
873,1015  - 1015  FIGUEROA TER ,Los Angeles,CA,90012
874,1015  - 1015  FIGUEROA TER ,Los Angeles,CA,90012
875,1015  - 1015  FIGUEROA TER ,Los Angeles,CA,90012
876,1035  - 1035  FIGUEROA TER ,Los Angeles,CA,90012
877,1035  - 1035  FIGUEROA TER ,Los Angeles,CA,90012
878,1035  - 1035  FIGUEROA TER ,Los Angeles,CA,90012
879,1015  - 1015  FIGUEROA TER ,Los Angeles,CA,90012
880,1015  - 1015  FIGUEROA TER ,Los Angeles,CA,90012
881,943  - 943  FIGUEROA TER ,Los Angeles,CA,90012
882,764  - 764  CLEVELAND ST ,Los Angeles,CA,90012
883,1515 1/2 - 1515 1/2 LAKE SHORE AVE ,Los Angeles,CA,90026
884,1511  - 1511  LAKE SHORE AVE ,Los Angeles,CA,90026
885,1902  - 1902  LIBERTY CT ,Los Angeles,CA,90026
886,1904  - 1904  LIBERTY CT ,Los Angeles,CA,90026
887,1906  - 1906  LIBERTY CT ,Los Angeles,CA,90026
888,1908  - 1908  LIBERTY CT ,Los Angeles,CA,90026
889,1910  - 1910  LIBERTY CT ,Los Angeles,CA,90026
890,1912  - 1912  LIBERTY CT ,Los Angeles,CA,90026
891,1512  - 1512  LIBERTY ST ,Los Angeles,CA,90026
892,1510  - 1510  LIBERTY ST ,Los Angeles,CA,90026
893,1830  - 1830  ALVARADO ST ,Los Angeles,CA,90026
894,1830  - 1830  ALVARADO ST ,Los Angeles,CA,90026
895,1830  - 1830  ALVARADO ST ,Los Angeles,CA,90026
896,1856  - 1856  ALVARADO ST ,Los Angeles,CA,90026
897,1860  - 1860  ALVARADO ST ,Los Angeles,CA,90026
898,1830  - 1830  ALVARADO ST ,Los Angeles,CA,90026
899,1902  - 1902  ALVARADO ST ,Los Angeles,CA,90026
900,1641  - 1641  MORTON AVE ,Los Angeles,CA,90026
901,1641  - 1641  MORTON AVE ,Los Angeles,CA,90026
902,1641  - 1641  MORTON AVE ,Los Angeles,CA,90026
903,1641  - 1641  MORTON AVE ,Los Angeles,CA,90026
904,1641  - 1641  MORTON AVE ,Los Angeles,CA,90026
905,2330  - 2330  DUANE ST ,Los Angeles,CA,90039
906,2330  - 2330  DUANE ST ,Los Angeles,CA,90039
907,2330  - 2330  DUANE ST ,Los Angeles,CA,90039
908,2330  - 2330  DUANE ST ,Los Angeles,CA,90039
909,2330  - 2330  DUANE ST ,Los Angeles,CA,90039
910,2330  - 2330  DUANE ST ,Los Angeles,CA,90039
911,2330  - 2330  DUANE ST ,Los Angeles,CA,90039
912,924 1/2 - 924 1/2 MALTMAN AVE ,Los Angeles,CA,90026
913,924  - 924  MALTMAN AVE ,Los Angeles,CA,90026
914,1308  - 1308  TULAROSA DR ,Los Angeles,CA,90026
915,1312  - 1312  TULAROSA DR ,Los Angeles,CA,90026
916,1302  - 1302  TULAROSA DR ,Los Angeles,CA,90026
917,1300  - 1300  TULAROSA DR ,Los Angeles,CA,90026
918,1304  - 1304  TULAROSA DR ,Los Angeles,CA,90026
919,1314  - 1314  TULAROSA DR ,Los Angeles,CA,90026
920,1306  - 1306  TULAROSA DR ,Los Angeles,CA,90026
921,1723  - 1725  LUCILLE AVE ,Los Angeles,CA,90026
922,1723  - 1725  LUCILLE AVE ,Los Angeles,CA,90026
923,1727  - 1729  LUCILE AVE ,Los Angeles,CA,90026
924,1727  - 1729  LUCILE AVE ,Los Angeles,CA,90026
925,1727  - 1729  LUCILE AVE ,Los Angeles,CA,90026
926,1727  - 1729  LUCILE AVE ,Los Angeles,CA,90026
927,1403  - 1403  BATES AVE ,Los Angeles,CA,90027
928,3315  - 3315  GRIFFITH PARK BLVD ,Los Angeles,CA,90027
929,3315  - 3315  GRIFFITH PARK BLVD ,Los Angeles,CA,90027
930,3315  - 3315  GRIFFITH PARK BLVD ,Los Angeles,CA,90027
931,3315  - 3315  GRIFFITH PARK BLVD ,Los Angeles,CA,90027
932,3315  - 3315  GRIFFITH PARK BLVD ,Los Angeles,CA,90027
933,3315  - 3315  GRIFFITH PARK BLVD ,Los Angeles,CA,90027
934,2722  - 2722  AUBURN ST ,Los Angeles,CA,90039
935,2928  - 2928  ROWENA AVE ,Los Angeles,CA,90027
936,2928  - 2928  ROWENA AVE ,Los Angeles,CA,90027
937,2922  - 2922  ROWENA AVE ,Los Angeles,CA,90027
938,3121  - 3121  RIVERS EDGE CT ,Los Angeles,CA,90039
939,3119  - 3119  RIVERS EDGE CT ,Los Angeles,CA,90039
940,3117  - 3117  RIVERS EDGE CT ,Los Angeles,CA,90039
941,3120  - 3120  RIVERS EDGE CT ,Los Angeles,CA,90039
942,3118  - 3118  RIVERS EDGE CT ,Los Angeles,CA,90039
943,3116  - 3116  RIVERS EDGE CT ,Los Angeles,CA,90039
944,2581  - 2581  ARVIA ST ,Los Angeles,CA,90031
945,2581  - 2581  ARVIA ST ,Los Angeles,CA,90031
946,2581  - 2581  ARVIA ST ,Los Angeles,CA,90031
947,2581  - 2581  ARVIA ST ,Los Angeles,CA,90031
948,2581  - 2581  ARVIA ST ,Los Angeles,CA,90031
949,2581  - 2581  ARVIA ST ,Los Angeles,CA,90031
950,2581  - 2581  ARVIA ST ,Los Angeles,CA,90031
951,2581  - 2581  ARVIA ST ,Los Angeles,CA,90031
952,2581  - 2581  ARVIA ST ,Los Angeles,CA,90031
953,2581  - 2581  ARVIA ST ,Los Angeles,CA,90031
954,2581  - 2581  ARVIA ST ,Los Angeles,CA,90031
955,2581  - 2581  ARVIA ST ,Los Angeles,CA,90031
956,2581  - 2581  ARVIA ST ,Los Angeles,CA,90031
957,2581  - 2581  ARVIA ST ,Los Angeles,CA,90031
958,2581  - 2581  ARVIA ST ,Los Angeles,CA,90031
959,2581  - 2581  ARVIA ST ,Los Angeles,CA,90031
960,2581  - 2581  ARVIA ST ,Los Angeles,CA,90031
961,2581  - 2581  ARVIA ST ,Los Angeles,CA,90031
962,2581  - 2581  ARVIA ST ,Los Angeles,CA,90031
963,2581  - 2581  ARVIA ST ,Los Angeles,CA,90031
964,2581  - 2581  ARVIA ST ,Los Angeles,CA,90031
965,2581  - 2581  ARVIA ST ,Los Angeles,CA,90031
966,2581  - 2581  ARVIA ST ,Los Angeles,CA,90031
967,2581  - 2581  ARVIA ST ,Los Angeles,CA,90031
968,2581  - 2581  ARVIA ST ,Los Angeles,CA,90031
969,2581  - 2581  ARVIA ST ,Los Angeles,CA,90031
970,2581  - 2581  ARVIA ST ,Los Angeles,CA,90031
971,3002  - 3002  PEAK PL ,Los Angeles,CA,90065
972,3004  - 3004  PEAK PL ,Los Angeles,CA,90065
973,1549  - 1549  VERBENA WAY ,Los Angeles,CA,90041
974,1559  - 1559  VERBENA WAY ,Los Angeles,CA,90041
975,1557  - 1557  VERBENA WAY ,Los Angeles,CA,90041
976,1555  - 1555  VERBENA WAY ,Los Angeles,CA,90041
977,1553  - 1553  VERBENA WAY ,Los Angeles,CA,90041
978,1551  - 1551  VERBENA WAY ,Los Angeles,CA,90041
979,1549  - 1549  VERBENA WAY ,Los Angeles,CA,90041
980,1547  - 1547  VERBENA WAY ,Los Angeles,CA,90041
981,1545  - 1545  VERBENA WAY ,Los Angeles,CA,90041
982,1543  - 1543  VERBENA WAY ,Los Angeles,CA,90041
983,1558  - 1558  CHIA WAY ,Los Angeles,CA,90041
984,1556  - 1556  CHIA WAY ,Los Angeles,CA,90041
985,1554  - 1554  CHIA WAY ,Los Angeles,CA,90041
986,1552  - 1552  CHIA WAY ,Los Angeles,CA,90041
987,1550  - 1550  CHIA WAY ,Los Angeles,CA,90041
988,1548  - 1548  CHIA WAY ,Los Angeles,CA,90041
989,1546  - 1546  CHIA WAY ,Los Angeles,CA,90041
990,1544  - 1544  CHIA WAY ,Los Angeles,CA,90041
991,1542  - 1542  CHIA WAY ,Los Angeles,CA,90041
992,1540  - 1540  CHIA WAY ,Los Angeles,CA,90041
993,1410  - 1410  PRISM DR ,Los Angeles,CA,90041
994,1516  - 1516  MERCURY DR ,Los Angeles,CA,90042
995,3785  - 3785  WILSHIRE BLVD ,Los Angeles,CA,90010
996,3785  - 3785  WILSHIRE BLVD ,Los Angeles,CA,90010
997,3785  - 3785  WILSHIRE BLVD ,Los Angeles,CA,90010
998,3785  - 3785  WILSHIRE BLVD ,Los Angeles,CA,90010
999,5000  - 5000  PATAGONIA CT ,Los Angeles,CA,90004
1000,5002  - 5002  PATAGONIA CT ,Los Angeles,CA,90004
1001,5004  - 5004  PATAGONIA CT ,Los Angeles,CA,90004
1002,5002  - 5002  PATAGONIA CT ,Los Angeles,CA,90004
1003,5006  - 5006  PATAGONIA CT ,Los Angeles,CA,90004
1004,5004  - 5004  PATAGONIA CT ,Los Angeles,CA,90004
1005,5006  - 5006  PATAGONIA CT ,Los Angeles,CA,90004
1006,665  - 665  RIMPAU BLVD ,Los Angeles,CA,90010
1007,4711  - 4711  WILSHIRE BLVD ,Los Angeles,CA,90010
1008,4713  - 4713  WILSHIRE BLVD ,Los Angeles,CA,90010
1009,4715  - 4715  WILSHIRE BLVD ,Los Angeles,CA,90010
1010,4717  - 4717  WILSHIRE BLVD ,Los Angeles,CA,90010
1011,4719  - 4719  WILSHIRE BLVD ,Los Angeles,CA,90010
1012,4721  - 4721  WILSHIRE BLVD ,Los Angeles,CA,90010
1013,104  - 104  HAYWORTH AVE ,Los Angeles,CA,90048
1014,104  - 104  HAYWORTH AVE ,Los Angeles,CA,90048
1015,104  - 104  HAYWORTH AVE ,Los Angeles,CA,90048
1016,104  - 104  HAYWORTH AVE ,Los Angeles,CA,90048
1017,104  - 104  HAYWORTH AVE ,Los Angeles,CA,90048
1018,8417  - 8417  BLACKBURN AVE ,Los Angeles,CA,90048
1019,8417  - 8417  BLACKBURN AVE ,Los Angeles,CA,90048
1020,7912  - 7912  BLACKBURN AVE ,Los Angeles,CA,90048
1021,5132  - 5132  MAPLEWOOD AVE ,Los Angeles,CA,90004
1022,650  - 650  WILCOX AVE ,Los Angeles,CA,90004
1023,531  - 531  ROSSMORE AVE ,Los Angeles,CA,90004
1024,531  - 531  ROSSMORE AVE ,Los Angeles,CA,90004
1025,531  - 531  ROSSMORE AVE ,Los Angeles,CA,90004
1026,817  - 817  ALFRED ST ,Los Angeles,CA,90069
1027,833  - 833  EDINBURGH AVE ,Los Angeles,CA,90046
1028,7077  - 7077  WILLOUGHBY AVE ,Los Angeles,CA,90038
1029,7077  - 7077  WILLOUGHBY AVE ,Los Angeles,CA,90038
1030,7077  - 7077  WILLOUGHBY AVE ,Los Angeles,CA,90038
1031,7077  - 7077  WILLOUGHBY AVE ,Los Angeles,CA,90038
1032,7007  - 7007  ROMAINE ST ,Los Angeles,CA,90038
1033,812  - 812  HUDSON AVE ,Los Angeles,CA,90038
1034,1146  - 1152  BEACHWOOD DR ,Los Angeles,CA,90038
1035,1146  - 1152  BEACHWOOD DR ,Los Angeles,CA,90038
1036,1146  - 1152  BEACHWOOD DR ,Los Angeles,CA,90038
1037,1146  - 1152  BEACHWOOD DR ,Los Angeles,CA,90038
1038,1146  - 1152  BEACHWOOD DR ,Los Angeles,CA,90038
1039,1146  - 1152  BEACHWOOD DR ,Los Angeles,CA,90038
1040,1146  - 1152  BEACHWOOD DR ,Los Angeles,CA,90038
1041,6022  - 6022  BEACHWOOD LANE ,Los Angeles,CA,90038
1042,6014  - 6014  BEACHWOOD LANE ,Los Angeles,CA,90038
1043,6018  - 6018  BEACHWOOD LANE ,Los Angeles,CA,90038
1044,6024  - 6024  BEACHWOOD LANE ,Los Angeles,CA,90038
1045,6023  - 6023  BEACHWOOD LANE ,Los Angeles,CA,90038
1046,6019  - 6019  BEACHWOOD LANE ,Los Angeles,CA,90038
1047,6020  - 6020  BEACHWOOD LANE ,Los Angeles,CA,90038
1048,6017  - 6017  BEACHWOOD LANE ,Los Angeles,CA,90038
1049,6015  - 6015  BEACHWOOD LANE ,Los Angeles,CA,90038
1050,6016  - 6016  BEACHWOOD LANE ,Los Angeles,CA,90038
1051,6021  - 6021  BEACHWOOD LANE ,Los Angeles,CA,90038
1052,6082  - 6082  FOUNTAIN AVE ,Los Angeles,CA,90038
1053,6084  - 6084  FOUNTAIN AVE ,Los Angeles,CA,90038
1054,6090  - 6090  FOUNTAIN AVE ,Los Angeles,CA,90038
1055,6088  - 6088  FOUNTAIN AVE ,Los Angeles,CA,90038
1056,6086  - 6086  FOUNTAIN AVE ,Los Angeles,CA,90038
1057,6080  - 6080  FOUNTAIN AVE ,Los Angeles,CA,90038
1058,5825  - 5825  CAMERFORD AVE ,Los Angeles,CA,90038
1059,5628  - 5628  OBSERVATION LANE ,Los Angeles,CA,90028
1060,5628  - 5628  OBSERVATION LANE ,Los Angeles,CA,90028
1061,5626  - 5626  OBSERVATION LANE ,Los Angeles,CA,90028
1062,1717  - 1723  BRONSON AVE ,Los Angeles,CA,90028
1063,6021  - 6029  CARLTON WAY ,Los Angeles,CA,90028
1064,6021  - 6029  CARLTON WAY ,Los Angeles,CA,90028
1065,6117  - 6117 1/2 FOUNTAIN AVE ,Los Angeles,CA,90028
1066,1751  - 1751  LAS PALMAS AVE ,Los Angeles,CA,90028
1067,1751  - 1751  LAS PALMAS AVE ,Los Angeles,CA,90028
1068,1751  - 1751  LAS PALMAS AVE ,Los Angeles,CA,90028
1069,1551  - 1551  POINSETTIA PL ,Los Angeles,CA,90046
1070,1326 1/2 - 1326 1/2 FULLER AVE ,Los Angeles,CA,90046
1071,1319  - 1319  DETROIT ST ,Los Angeles,CA,90046
1072,6750  - 6750  GILL WAY ,Los Angeles,CA,90068
1073,6747  - 6747  GILL WAY ,Los Angeles,CA,90068
1074,6749  - 6749  GILL WAY ,Los Angeles,CA,90068
1075,6743  - 6743  GILL WAY ,Los Angeles,CA,90068
1076,6746  - 6746  GILL WAY ,Los Angeles,CA,90068
1077,2778  - 2778  WRIGHT LANE ,Los Angeles,CA,90068
1078,2776  - 2776  WRIGHT LANE ,Los Angeles,CA,90068
1079,6754  - 6754  GILL WAY ,Los Angeles,CA,90068
1080,6747  - 6747  GILL WAY ,Los Angeles,CA,90068
1081,6748  - 6748  GILL WAY ,Los Angeles,CA,90068
1082,6738  - 6738  GILL WAY ,Los Angeles,CA,90068
1083,6744  - 6744  GILL WAY ,Los Angeles,CA,90068
1084,6740  - 6740  GILL WAY ,Los Angeles,CA,90068
1085,6752  - 6752  GILL WAY ,Los Angeles,CA,90068
1086,6743  - 6743  GILL WAY ,Los Angeles,CA,90068
1087,2780  - 2780  WRIGHT LANE ,Los Angeles,CA,90068
1088,2774  - 2774  WRIGHT LANE ,Los Angeles,CA,90068
1089,6742  - 6742  GILL WAY ,Los Angeles,CA,90068
1090,6752  - 6752  HILLPARK DR ,Los Angeles,CA,90068
1091,1351  - 1351  GARDNER ST ,Los Angeles,CA,90046
1092,1351 1/2 - 1351 1/2 GARDNER ST ,Los Angeles,CA,90046
1093,7300  - 7300  FRANKLIN AVE ,Los Angeles,CA,90068
1094,1805  - 1807  COURTNEY AVE ,Los Angeles,CA,90046
1095,1805  - 1807  COURTNEY AVE ,Los Angeles,CA,90046
1096,8170  - 8170  LAUREL VIEW DR ,Los Angeles,CA,90069
1097,8149  - 8149  WILLOW GLEN ROAD ,Los Angeles,CA,90046
1098,1905  - 1905  VISTA ST ,Los Angeles,CA,90046
1099,2301  - 2301  BRYN MAWR CT ,Los Angeles,CA,90068
1100,2528  - 2528  DEARBORN DR ,Los Angeles,CA,90068
1101,2528  - 2528  DEARBORN DR ,Los Angeles,CA,90068
1102,2528  - 2528  DEARBORN DR ,Los Angeles,CA,90068
1103,2528  - 2528  DEARBORN DR ,Los Angeles,CA,90068
1104,2528  - 2528  DEARBORN DR ,Los Angeles,CA,90068
1105,2147  - 2147  BEACHWOOD DR ,Los Angeles,CA,90068
1106,2147  - 2147  BEACHWOOD DR ,Los Angeles,CA,90068
1107,2147  - 2147  BEACHWOOD DR ,Los Angeles,CA,90068
1108,5670  - 5670  HOLLY OAK DR ,Los Angeles,CA,90068
1109,4411  - 4411  LOS FELIZ BLVD ,Los Angeles,CA,90027
1110,4411  - 4411  LOS FELIZ BLVD ,Los Angeles,CA,90027
1111,7621  - 7621  FIGUEROA ST ,Los Angeles,CA,90044
1112,9547  - 9547  COMPTON AVE ,Los Angeles,CA,90002
1113,11167  - 11167  BROADWAY  ,Los Angeles,CA,90061
1114,550  - 550  127TH ST ,Los Angeles,CA,90044
1115,1659  - 1659  221ST ST ,Los Angeles,CA,90501
1116,1659  - 1659  221ST ST ,Los Angeles,CA,90501
1117,1659  - 1659  221ST ST ,Los Angeles,CA,90501
1118,1688  - 1688  253RD ST ,Los Angeles,CA,90710
1119,1684  - 1684  253RD ST ,Los Angeles,CA,90710
1120,26002  - 26002  MARJAN PL ,Los Angeles,CA,90710
1121,26004  - 26004  MARJAN PL ,Los Angeles,CA,90710
1122,26006  - 26006  MARJAN PL ,Los Angeles,CA,90710
1123,26008  - 26008  MARJAN PL ,Los Angeles,CA,90710
1124,26001  - 26001  MARJAN PL ,Los Angeles,CA,90710
1125,26003  - 26003  MARJAN PL ,Los Angeles,CA,90710
1126,26005  - 26005  MARJAN PL ,Los Angeles,CA,90710
1127,26007  - 26007  MARJAN PL ,Los Angeles,CA,90710
1128,983  - 983  BAYCREST LANE ,Los Angeles,CA,90710
1129,971  - 971  BAYCREST LANE ,Los Angeles,CA,90710
1130,973  - 973  BAYCREST LANE ,Los Angeles,CA,90710
1131,981  - 981  BAYCREST LANE ,Los Angeles,CA,90710
1132,985  - 985  BAYCREST LANE ,Los Angeles,CA,90710
1133,979  - 979  BAYCREST LANE ,Los Angeles,CA,90710
1134,975  - 975  BAYCREST LANE ,Los Angeles,CA,90710
1135,977  - 977  BAYCREST LANE ,Los Angeles,CA,90710
1136,25277  - 25277  PINE CREEK LANE ,Los Angeles,CA,90744
1137,25420  - 25420  DODGE AVE ,Los Angeles,CA,90710
1138,25324  - 25324  MCCOY AVE ,Los Angeles,CA,90710
1139,1116  - 1116  D ST ,Los Angeles,CA,90744
1140,1015  - 1015  E ST ,Los Angeles,CA,90744
1141,2185  - 2199  MT SHASTA DR ,Los Angeles,CA,90732
1142,1650  - 1662  STONEWOOD CT ,Los Angeles,CA,90732
1143,1636  - 1648  STONEWOOD CT ,Los Angeles,CA,90732
1144,1600  - 1618  STONEWOOD CT ,Los Angeles,CA,90732
1145,1601  - 1615  STONEWOOD CT ,Los Angeles,CA,90732
1146,1605  - 1605  WESTMONT DR ,Los Angeles,CA,90732
1147,1615  - 1615  WESTMONT DR ,Los Angeles,CA,90732
1148,1617  - 1631  STONEWOOD CT ,Los Angeles,CA,90732
1149,1543  - 1553  STONEWOOD CT ,Los Angeles,CA,90732
1150,1529  - 1541  STONEWOOD CT ,Los Angeles,CA,90732
1151,1555  - 1565  STONEWOOD CT ,Los Angeles,CA,90732
1152,1988  - 1997  MT SHASTA DR ,Los Angeles,CA,90732
1153,1816  - 1832  MT SHASTA DR ,Los Angeles,CA,90732
1154,1240  - 1252  STONEWOOD CT ,Los Angeles,CA,90732
1155,1354  - 1364  STONEWOOD CT ,Los Angeles,CA,90732
1156,1806  - 1814  MT SHASTA DR ,Los Angeles,CA,90732
1157,1274  - 1294  STONEWOOD CT ,Los Angeles,CA,90732
1158,1524  - 1540  DALMATIA DR ,Los Angeles,CA,90732
1159,1140  - 1154  MT SHASTA DR ,Los Angeles,CA,90732
1160,1336  - 1344  STONEWOOD CT ,Los Angeles,CA,90732
1161,1300  - 1314  STONEWOOD CT ,Los Angeles,CA,90732
1162,1346  - 1352  STONEWOOD CT ,Los Angeles,CA,90732
1163,1436  - 1436  BRETT PL ,Los Angeles,CA,90732
1164,1248  - 1248  PARK WESTERN DR ,Los Angeles,CA,90732
1165,1246  - 1246  PARK WESTERN DR ,Los Angeles,CA,90732
1166,1306  - 1306  PARK WESTERN DR ,Los Angeles,CA,90732
1167,1252  - 1252  PARK WESTERN DR ,Los Angeles,CA,90732
1168,1250  - 1250  PARK WESTERN DR ,Los Angeles,CA,90732
1169,1326  - 1326  PARK WESTERN DR ,Los Angeles,CA,90732
1170,1314  - 1314  PARK WESTERN DR ,Los Angeles,CA,90732
1171,1318  - 1318  PARK WESTERN DR ,Los Angeles,CA,90732
1172,1331  - 1331  CAPITOL DR ,Los Angeles,CA,90732
1173,1322  - 1322  PARK WESTERN DR ,Los Angeles,CA,90732
1174,1311  - 1311  CAPITOL DR ,Los Angeles,CA,90732
1175,1321  - 1321  CAPITOL DR ,Los Angeles,CA,90732
1176,521  - 521  GRAND AVE ,Los Angeles,CA,90731
1177,2433  - 2433  OCEAN VIEW TER ,Los Angeles,CA,90731
1178,716  - 716  34TH ST ,Los Angeles,CA,90731
1179,2915  - 2915  GAFFEY ST ,Los Angeles,CA,90731
